名称,价格,简介,元素,难度,时长,人员配置,人员,,,,,,,,,
DM又死了,￥98,“麻绳捆绑、口鼻窒息、利刃穿刺我喜欢让DM死在玩家眼前他们越挣扎，你们越沉浸所以这一次，DM又死了欢迎各位参加“第二届预言学术研讨会”时间、地点、五行、物品、伤痕、符号你们的预言，将再一次杀死他”,"['桌面', '现代', '推理', '惊悚', '还原', '新本格', '盒装']",进阶,5.5,3男3女,6,,,,,,,,,
集会・魔女屋-玻璃屋系列二,￥59,“你会成为这魔女屋的下一个牺牲品吗？”《集会・魔女屋》是一个硬核推理本，题材新颖，人物角色个性丰富。前期欢乐机制迅速破冰，后期不大的阅读量下实际有着巨大的信息点，一层一层的迷雾背后到底隐藏着什么？最后的结局还会有一个小反转，抛出一个问题让玩家思考，只是到了这时，你还能遵循自己的内心吗？,"['桌面', '欧式', '现代', '推理', '还原', '变格', '盒装']",进阶,4.5,6女,6,,,,,,,,,
艺伎回忆录,￥39.90,"“华族、军人、忍者、艺伎，这本《艺伎回忆录》会带你回到阴谋与浪漫并存的日本大正时代
”","['桌面', '日式', '阵营', '情感', '半封闭', '本格', '盒装']",进阶,4,4男4女,8,,,,,,,,,
末班车,￥58,“1945年，抗日战争结束前夕。胜利的曙光尚未到来，日寇仍在华夏大地肆虐，负隅顽抗，并秘密制定了“末班车”行动计划，妄图实现其最后的野心图谋。”,"['桌面', '民国', '机制', '谍战', '本格', '盒装']",进阶,4.5,5男2女,7,,,,,,,,,
浮生梦?余烬,￥158,“一枕黄粱，一折红戏。 一场烟花，一g余烬。 你是否还记得幼时，奶奶在你枕边呢喃过的那些故事：先辈生逢乱世，临危相爱，以身殉国，护卫山河万里？”,"['桌面', '现代', '情感', '还原', '封闭', '本格', '城限']",进阶,4.5,3男3女,6,,,,,,,,,
眠梦不老泉,￥39.90,“不在场证明，众目睽睽之下的死亡事件，不可能的密室”，这些都是《眠梦不老泉》的三重谜案。作为一个六人本格硬核推理本，你不仅可以在这个剧本中感受三起凶案的扑朔迷离，还可以体会还原真相后直击人性的反思。从谋杀之谜的世界回到沉浸世界，《眠梦不老泉》不要错过了。,"['桌面', '欧式', '现代', '推理', '开放', '还原', '本格', '盒装']",烧脑,6,3男3女,6,,,,,,,,,
破晓,￥168,“一支针管，一个印记，一场大火，一间画廊。星花盛放，启明高悬，如同金沙般的液体赐予人类盛大且虚伪的幻想，背后的阴影则高举屠刀，在神赐般的美好梦境中，将心志摧毁得一干二净。”,"['桌面', '现代', '情感', '还原', '城限']",进阶,5,3男3女,6,,,,,,,,,
阿姐鼓,￥68,“向阳村位于大凉山的八万大山之中，这里群山环绕，地势偏远，这个村子如同幽灵之地，一直只存在于人们的口中。这里没有公路，没有电，更没有网络，若不是因为那场大火，向阳村永远都不会暴露在世人的眼中。”,"['桌面', '现代', '推理', '恐怖', '开放', '还原', '变格', '盒装']",进阶,3.5,3男4女,7,,,,,,,,,
阴缘,￥59,如果不能在一起，那我就死在你的身边吧。姻缘中唢呐是喜庆，阴缘中唢呐是毛骨悚然。古风情感恐怖本《阴缘》让你边尖叫边哭。作为恐怖本，它该有的效果全做到了，只需要你准备好跟npc来一场零距离互动。除了恐怖，代入到位的话你会发现《阴缘》是个悲伤的故事，不论是吓哭还是感动哭，《阴缘》不会让你失望。,"['桌面', '古风', '情感', '恐怖', '开放', '变格', '盒装']",进阶,4,3男3女,6,,,,,,,,,
宿醉1,￥59,"“这个剧本太多梗了，这是冷笑话大全吗？
”","['桌面', '现代', '欢乐', '本格', '盒装']",进阶,4,3男3女,6,,,,,,,,,
013极乐密室,￥58,别回头，厉鬼在看着你......《013极乐密室》是一部以民国为背景的硬核本，胆小的玩家不要怕，它的恐怖程度友好到能让你会心一笑。《极乐密室》算是比较经典的推理本，其最大的亮点就在于双密室的构建，密室的设计巧妙合理，还兼并着趣味性，不会显得枯燥。以及其经典缜密的作案手法，让你在推理过程中过饱瘾，推土机的硬核本目录上可以多添加上它了。,"['桌面', '民国', '推理', '本格', '盒装']",烧脑,7,3男2女,5,,,,,,,,,
两点半,￥48,“你有没有听说过怪谈协会？”,"['桌面', '现代', '推理', '恐怖', '还原', '盒装']",进阶,5,3男3女,6,,,,,,,,,
老骗子俱乐部,￥58,“在很久很久以前，有一个神秘的组织出现在人间，他们以一切18禁为荣，历朝历代的统治者身后都有他们的影子。”,"['桌面', '现代', '机制', '欢乐', '开放', '还原', '本格', '盒装']",进阶,4.5,3男3女,6,,,,,,,,,
雾海同行,￥79,剧本情节圆满，人物动机合理，推理过程严丝合缝，细节感拉满。机制与推理丝丝入扣，剧本主题在玩家的行为中充分体现，战斗、交易、协作，勾心斗角，尔虞我诈，勇气与背叛，真情与谎言。特别是收到漂流瓶中“神秘馈赠”的环节，宿命感与轮回感铺面而来，仿佛真地置身于迷雾与海洋中，眼前看不到星光与远方，只有幽灵一样徘徊的船只，与亡灵们一遍遍地诉说着的亚蒙岛与不死者的传说......,"['桌面', '欧式', '架空', '机制', '推理', '欢乐', '还原', '变格', '盒装']",进阶,5,4男2女,6,,,,,,,,,
人间星火,￥59,"“山河错落 ，人间星火…
当你站在茫茫黑夜之中，伸手不见五指。不论何人都会感受到孤独和恐惧吧……
诚然，生而为平凡并非你的过错。但是如果有机会照亮这黑暗的一方天地，你是否愿意点燃自己，成为那一盏……燎原的……星星之火？”","['桌面', '现代', '情感', '立意', '还原', '本格', '盒装']",进阶,4.5,3男2女,5,,,,,,,,,
金陵有座东君书院,￥119,欲买桂花同载酒，终不似，少年游。剧本以半文半白的形式叙述，并不会显得晦涩难懂，但是能带你置身于古时的书院之中。故事以校园时期的“傻事”作为开端，笑料百出，又以凶案辅助整个故事的还原，而在临近结束之际，知道真相时，又不禁为之动容。我们年少多少未达成的遗憾，就在《金陵有座东君书院》里完成吧。,"['桌面', '古风', '欢乐', '情感', '开放', '本格', '城限']",进阶,4.5,3男3女,6,,,,,,,,,
备忘录：死后即阅,￥58,“1938年，美国。1段纯属虚构的真实故事；3起绝不可能的魔术犯罪；6段彼此交织的人生经历；7年未被破解的宏伟诡计...这一切都被记载在一本离奇的备忘录中，切记死后才能翻阅。”,"['桌面', '欧式', '机制', '推理', '开放', '还原', '新本格', '盒装']",烧脑,5.5,3男2女,5,,,,,,,,,
火化吧！赶紧的,￥68,“生老病死是每个家庭都要经历的必然故事，死亡――火化――身后事”,"['桌面', '现代', '欢乐', '还原', '盒装']",新手,5,3男3女,6,,,,,,,,,
那时的我们,￥58,你还记得那青葱的校园生活吗？听着《同桌的你》，让我们梦回那年盛夏……手捧着宛如教科书般的剧本，身着校服，还未翻开剧本就已经让你有了身处校园的既视感。嘻嘻闹闹中，一幕幕剧情仿佛就是你在校园中的真实场景。上一秒让你回味校园中的青春阳光、热血激昂，下一秒又让你回忆起被错过的误解与未弥补的遗憾。到了最后，治愈温馨的结局重新温暖你的内心，让你不由自主地露出笑容，感叹：“那时的我们，真好！”,"['桌面', '现代', '校园', '情感', '还原', '变格', '盒装']",新手,4,4男4女,8,,,,,,,,,
请将我深埋,￥48,“莫西莫西，这里是佐藤一郎。”“喂，是我。”“是？怎么是你？！！”“对，是我…”“老朋友，怎么想起给我打电话了？”“有件事要麻烦你了，老伙计。”“等等，到底发生了什么，你...”,"['桌面', '日式', '现代', '推理', '立意', '开放', '还原', '盒装']",进阶,5,3男3女,6,,,,,,,,,
一座城,￥48,"""PVE跑团《一座城》作为鲜有的4人盒装本，竟拥有着丰富灵活而又独特有趣的探索机制，以及完整得令人惊叹的写实世界观架构。本作摒弃了卿卿我我的爱情，也没有惊为天人的技能绝学，字里行间只弥漫着无形命运的牵引暗示，随着玩家不懈努力，团结协作揭开一层层迷雾，迎接的是拨云见日还是更深渊处目光的企及？""","['桌面', '现代', '机制', '推理', '封闭', '盒装']",进阶,4,2男2女,4,,,,,,,,,
纸妻,￥39.90,娃娃的眼睛似蜜，治百病，要不要尝一口......专注于恐怖本的葵花工作室发行的《纸妻》，可以说是开店必备，沉迷于恐怖元素的新老玩家可以闭眼入坑。经典的民国背景、凄厉的歌声、破落而散发着鬼气的老宅都在告诉你，这里发生过惨绝人寰的故事。《纸妻》在有限的条件下将氛围拉到满级，恐怖而硬核，胆小勿入！,"['桌面', '民国', '阵营', '恐怖', '开放', '还原', '变格', '盒装']",进阶,3.5,4男3女,7,,,,,,,,,
关于北原千夜的一切,￥138,“人能否掌握他人的命运呢？得到的答案往往是不能。”,"['桌面', '日式', '推理', '立意', '还原', '本格', '城限']",进阶,5,4男2女,6,,,,,,,,,
案件重演,￥68,“2026年，能帮助警方侦破命案的逆天仪器“神探仪”问世，只要对死者或者凶器进行扫描，就能立刻锁定凶手的位置。但神探仪是有局限性的，并不能找出证据指认凶手，所以“罪演师”因此诞生。”,"['桌面', '架空', '推理', '欢乐', '开放', '本格', '盒装']",烧脑,5,4男3女,7,,,,,,,,,
鲸鱼马戏团,￥39.90,人生是一场有去无回的旅行《鲸鱼马戏团》在剧本的开头就带来了欢乐的破冰撕比环节|快速拉近玩家之间的距离|过程中则是全新的世界观|更运用有趣的推理方式和不易察觉的叙诡|打破情感本无推理的固有思维。在不知不觉中给你带来沉浸和感动|最终还将有诸多让你破涕为笑的治愈环节|以及温暖的结局。想要轻松欢乐玩本的你千万不要错过！,"['桌面', '现代', '欢乐', '情感', '开放', '还原', '盒装']",进阶,4,2男4女,6,,,,,,,,,
逢山遇鬼,￥39.90,多元素且都做的不错不是好人该死|是因为他们看到受到苦难的人|宁愿自己去承受。这是一个多元素、梦幻的治愈情感本|包含了微恐却又不失欢乐。开局俏皮可爱却不显幼稚的文字|加上欢乐的破冰小游戏|使你很快沉浸其中。简短细腻的剧情耐人寻味|画面感十足|恐怖冒险又升华了整体氛围。情感演绎和令人动容的故事更是迅速将你的心揪起。当最终的伤感别离来临|你将面对心中最深的那抹执念。愿我们都能努力做那个善良可爱的人。,"['桌面', '现代', '情感', '恐怖', '还原', '变格', '盒装']",新手,5,3男4女,7,,,,,,,,,
前男友的一百种死法,￥35,三个女人一台戏，五个女人炸翻天。5位女生为了前男友会发生哪些碰撞呢？是会互相揪头发还是会互相诋毁？想起前男友对你做过的可恨之事，对前男友这个身份恨之入骨的玩家想要好好痛快大骂一场，这个欢乐本能让你酣畅淋漓地宣泄出来。,"['桌面', '现代', '欢乐', '情感', '本格', '盒装']",进阶,4,5女,5,,,,,,,,,
山田洋子,￥58,“生日快乐！许个愿吧姑娘。”“哇！雪白的蜡烛，圣洁的赞歌，真棒！现在，我想见见我的朋友。”.........电锯拉响，猛鬼环饲，谁能逃出生天？真相背后究竟是怎样的黑手操纵着一切？从虚幻到现实，带你体验最深切的绝望！,"['桌面', '日式', '现代', '推理', '恐怖', '本格', '盒装']",进阶,4,2男4女,6,,,,,,,,,
罪名成立,￥66,“城市的角落，游荡危险的气息一遍又一遍低吟，是怎样的舞台剧相传上帝七天创造世界却不料第八日之后人们原初的罪恶开始蔓延黑夜撕开白天”,"['桌面', '现代', '推理', '情感', '还原', '本格', '盒装']",进阶,5,4男4女,8,,,,,,,,,
风中有朵雨做的云,￥39.90,“欢迎来到90年代。”火凤凰歌舞厅邀请您到“歌王争霸”K歌赛来一场酣畅淋漓的蹦迪局。最近的《风雨云2：好春光》火得一塌糊涂，圈内知名作者树大招风总是能让人有所触动。而故事1《风中有朵雨做的云》同样有着挑动你心弦的能力。本中一句“你回头看看我，我不信你两眼空空”不知道触动了多少人。《风中有朵雨做的云》的节奏掌握恰当，当你沉浸于欢乐氛围时，危险悄然来临......别被吓跑了，千万留意恐怖环节中十分关键的信息。故事揪心，恐怖推理并存，无论你是沉浸本玩家，还是推土机，《风雨云》中都能有你想要的。,"['桌面', '现代', '恐怖', '半封闭', '变格', '盒装']",进阶,4,3男2女,5,,,,,,,,,
龙宴,￥39.90,你能登上帝位还是被贬为庶民？一场勾心斗角，谋权夺位的大战一触即发。一开始的私聊环节就让你难以置信，“我要效忠的竟然是他？”剧本有趣的地方莫过于设置了兵符机制，它不仅加强了玩家之间的互动性，还把打斗激烈的气氛烘托到了顶端，让你惊喜连连。在分阵营的抗衡对战中，尔虞我诈、假意投诚的现象屡屡发生，孰敌孰友，真是让人直呼难以认清。要想登上皇位，赶紧来拉帮结派吧！,"['桌面', '古风', '架空', '机制', '阵营', '本格', '盒装']",进阶,4,5男3女,8,,,,,,,,,
子时已到,￥58,因由怪事|魂久不归。作者采用插叙的叙事手法|在开场的第一个环节“食祀”就让你感到仪式感满满|而后续的剧情能让你体验到恐怖氛围的同时|还能让你还原出过往产生的悲剧。在所有人都以为快结束时|又会发现一个新的世界|打破你的想象力。结局的反转更让你细思极恐|更有红绳|灵牌|各种道具加持|给你不错的游戏体验。,"['桌面', '恐怖', '还原', '本格', '变格', '盒装']",新手,4,4男2女,6,,,,,,,,,
千佛梦,￥50,“这是一场千佛的幻梦，目之所及皆为执念。”翻开剧本，就被作者的文字带入到了黄沙弥漫的大漠深处。开头破冰环节直接将玩家的参与性和代入感拉满，文物争夺的拉锯战带给你满分的体验。后续的凶案设计也是充满了新意，丝毫不会觉得拉垮。随着剧情逐步发展，越来越能体会到作者想要表达的、隐藏在故事表面下的立意。剧本从完全与众不同角度讲述了一种独特的家国情怀，“国破山河在，城春草木深。”,"['桌面', '古风', '机制', '立意', '还原', '盒装']",新手,5,3男3女,6,,,,,,,,,
病娇男孩的恋爱日记,￥50,“我叫萧何。”,"['桌面', '架空', '现代', '推理', '恐怖', '半封闭', '还原', '盒装']",进阶,4,3男3女,6,,,,,,,,,
无人犯罪,￥98,“一场离奇的大火，一次仓促的判决。 他，究竟是正义的警察，还是杀人的恶魔？ 偏远乡村的交通事故，毫无关联的当事人…… 这一切是意外？还是另有原因？”,"['桌面', '现代', '机制', '推理', '本格', '盒装']",进阶,5,3男3女,6,,,,,,,,,
暗黑者：七宗欲,￥68,“龙州市突发连环杀人案，遇害者死状离奇，他们共同的特征是死亡时面带微笑，自称DARKER的神秘男子在每一个案发现场都留下线索，向警方预告下一个死者。”,"['桌面', '现代', '推理', '立意', '还原', '封闭', '本格', '盒装']",进阶,6,6男6女,12,,,,,,,,,
马丁内斯死在惊奇馆,￥48,“在布鲁日大陆上，有一个名叫米诺尔的梦幻国度。”,"['桌面', '架空', '推理', '立意', '开放', '还原', '新本格', '盒装']",烧脑,6,3男3女,6,,,,,,,,,
作者不详,￥35,“在一座偏僻的小村庄里，最近发生了一件怪事。那是一个晴朗无风的夜晚，村中女校的那座废弃旧校舍，莫名的燃起了大火。”,"['桌面', '日式', '架空', '推理', '恐怖', '开放', '还原', '变格', '盒装']",进阶,5,6女,6,,,,,,,,,
失格二十一克,￥35,人在逝去的瞬间，会减轻21克。所以，21克，是灵魂的重量。然而，这21克却重若千钧。这个本的逻辑相当严密，每每盘清楚故事细节之后都会激起一身的鸡皮疙瘩；又在其中探讨了人性，给到玩家相当大的震撼；在不可知之下，还有着触动人心的温柔，也许不会让你哭，但是会告诉我们如何好好生活。,"['桌面', '现代', '情感', '开放', '盒装']",烧脑,3.5,3男2女,5,,,,,,,,,
金陵有座东君书院前传,￥58,“保大十三年十一月(公元955年)，后周柴荣南征，进军南，围攻寿州。”,"['桌面', '古风', '情感', '本格', '盒装']",进阶,4,3男3女,6,,,,,,,,,
惠子,￥58,今晚直播4885教室请碟仙哦。碟仙、笔仙怕是最经典的招魂仪式了，《惠子》的请碟仙、驱鬼环节加上npc的加成足以让你尖叫连连，招魂游戏的后劲你无法想象。《惠子》作为早期的剧本杀作品，日式恐怖本的先行者，是你不能错过的经典之作。满屋的尖叫，为了逃命切记要镇定！,"['桌面', '日式', '恐怖', '变格', '盒装']",进阶,3.5,3男2女,5,,,,,,,,,
野の蔷薇,￥35,密室杀人，是“不可能犯罪”的一种，也是最具有代表性的一种，是在表象和逻辑上都不可能发生的犯罪行为。作为一个密室入门本，《野の蔷薇》设置了三个密室杀人案，且难度都不会太高，更重要的是中间设置了密室讨论环节，充分鼓励了玩家发散思维，尝试每一种可能，新手也能有充分的参与感，是一个相当不错的密室硬核入坑选择。,"['桌面', '日式', '推理', '立意', '开放', '本格', '盒装']",烧脑,5,4男2女,6,,,,,桌面,0,立意,99,237
涂川2:三生契,￥149,“冥有死境，天玄地黄，是为黄泉。”,"['桌面', '古风', '架空', '情感', '开放', '还原', '变格', '城限']",进阶,5,3男3女,6,,,,,盒装,8,日式,109,194
逃脱艺术家,￥48,“时间的流逝，会留下岁月侵蚀的痕迹；质量的消失，也遵循能量守恒的原理；可在「逃脱空间」中，一切定律都不复存在...”,"['桌面', '欧式', '推理', '半封闭', '还原', '新本格', '盒装']",烧脑,5,4男2女,6,,,,,本格,21,民国,109,144
当海风吹过我的坟墓,￥58,“当海风吹过 我的坟墓，我们的爱情 再次复苏”,"['桌面', '现代', '机制', '情感', '还原', '本格', '盒装']",新手,4,3男4女,7,,,,,现代,24,半封闭,122,136
蓝色大丽花,￥39.90,改编自“蓝可儿事件”以及“黑色大丽花案”的恐怖本《蓝色大丽花》，足以让你切身体会到“根据真实事件改编”的恐惧。作为恐怖本的佼佼者，可以说在读本的时候就能击破你的防线，自带蒙太奇镜头，细思极恐。互动式的演绎环节还需要你去克服恐惧注意关键信息，让人不断徘徊在崩溃边缘。当真相浮出水面时又是更深一层的恐惧感包裹着你，让你汗毛直立。作者对于案件的猜想，让你脑海里不禁浮现一句话“这不会就是真相吧！”真相扑朔迷离，生死皆在你手中。,"['桌面', '现代', '恐怖', '变格', '盒装']",进阶,4,3男2女,5,,,,,还原,29,新本格,129,120
爱幼妇产医院,￥78,你有跟鬼玩过捉迷藏吗？欢迎来到《爱幼妇产医院》。《爱幼》剧本主打沉浸体验，以妇产医院为背景的创作更加加分，还额外的设置了很多有趣的机关，npc演绎环节也使恐怖体验加倍升级，千万注意，不要被鬼找到了哦。最后，搜证的时候也随时可能和鬼来一个“亲密接触”，胆小者慎入哦。,"['桌面', '现代', '推理', '恐怖', '开放', '本格', '盒装']",进阶,6,4男4女,8,,,,,开放,43,欧式,133,87
兵临城下,￥58,“站在中国历史的至暗时刻，没有那个人，就做那个人。”说起圈内知名工作室老玉米的《刀鞘》，不少人都有所耳闻，不过若是玩不到这个城限，那不如先上他们家的另一部同类型作品――《兵临城下》。作为一部抗战题材的阵营本，它更多的是从战场上的一个小角落，以更市井更平凡的角度去诠释了这个题材，跳脱出了以往抗战阵营必是在部队里的设定。丝毫没有边缘角色之下，每个玩家都会有属于自己的高光时刻，让玩家感受到那段屈辱历史之中小人物所散发的光芒，也可以照亮我们如今的希望，是个沉浸玩家不可错过的剧本！,"['桌面', '民国', '情感', '立意', '开放', '还原', '盒装']",进阶,4,4男3女,7,,,,,机制,47,封闭,137,80
余香,￥58,父爱如山，虽一言不发，却始终巍峨耸立。这部作品是经典剧本《年轮》的续作，开局可选择困难模式，也就是凶手也不知道自己是凶手。光是这一点，就已经能让不少推土机玩家跃跃欲试了。然而这个本的优秀之处又何止在推理方面呢，以简单平铺的叙述方式讲述了这一家子的生活，所描述的真实感却无不让人为之动容，能让玩家在脑海中浮现起父亲的形象。当然，若是对推理略感吃力的玩家，也可以果断选择作者人性化设立的简单模式，也会有相当不错的体验。,"['桌面', '现代', '推理', '本格', '盒装']",烧脑,5,3男2女,5,,,,,推理,49,校园,159,75
月光下的持刀者,￥48,“在密室中苏醒的人，冰冷的尸体，模糊不明的记忆。”,"['桌面', '现代', '推理', '还原', '本格', '盒装']",烧脑,6,3男3女,6,,,,,欢乐,57,武侠,159,63
刑事侦缉档案-献祭者（人数不限）,￥66,"“由于无剧本无阅读无人数限制的设定，能够很好地解决组车问题，甚至有勇士只身一人前往挑战，而且遇到中途跳车的也不影响游戏。
”","['桌面', '现代', '机制', '推理', '开放', '还原', '本格', '盒装']",烧脑,4,5男5女,1月10日,,,,,情感,64,玄幻,167,54
疯子和疯子和疯子和疯子和疯子和疯子,￥48,“狂躁，抑郁，焦虑，强迫，反社会，变态，分裂，偏执，边缘……属于疯子的世界，你见过吗？”,"['桌面', '架空', '现代', '推理', '开放', '还原', '本格', '盒装']",进阶,4.5,3男3女,6,,,,,阵营,68,谍战,189,49
月亮沉入海底时,￥48,“愿我们，历经阴晴圆缺，心中仍有明月，月亮沉入海底时，太阳终会升起”,"['桌面', '现代', '欢乐', '情感', '本格', '盒装']",进阶,4,3男3女,6,,,,,城限,75,惊悚,207,42
艺伎回忆录,￥39.90,"“华族、军人、忍者、艺伎，这本《艺伎回忆录》会带你回到阴谋与浪漫并存的日本大正时代
浮生梦?余烬,https://p0.meituan.net/dzopen/d399341e070261a71739205d154ba616226584.jpg,￥158,https://g.meituan.com/arche/dzbiz/biz-product-detail/play-standard-drama-detail.html?notitlebar=1&cityid=*&playId=102592363,“一枕黄粱，一折红戏。 一场烟花，一g余烬。 你是否还记得幼时，奶奶在你枕边呢喃过的那些故事：先辈生逢乱世，临危相爱，以身殉国，护卫山河万里？”,['6人'","['桌面', '日式', '阵营', '情感', '半封闭', '本格', '盒装']",进阶,4,4男4女,8,,,,,恐怖,78,其它,207,39
眠梦不老泉,￥39.90,“不在场证明，众目睽睽之下的死亡事件，不可能的密室”，这些都是《眠梦不老泉》的三重谜案。作为一个六人本格硬核推理本，你不仅可以在这个剧本中感受三起凶案的扑朔迷离，还可以体会还原真相后直击人性的反思。从谋杀之谜的世界回到沉浸世界，《眠梦不老泉》不要错过了。,"['桌面', '欧式', '现代', '推理', '开放', '还原', '本格', '盒装']",烧脑,6,3男3女,6,,,,,古风,79,未来,237,38
龙宴2-旱城,￥59,"“这部作品让你仿佛置身朝堂之中，感受那权谋争斗。
”","['桌面', '古风', '阵营', '欢乐', '本格', '盒装']",进阶,4.5,5男3女,8,,,,,变格,81,科幻,237,36
在逃公主,￥68,噢，上帝，瞧瞧这俏丽的脸蛋，您是某尼在逃公主吗？3男3女的欢乐情感本《在逃公主》，我愿称之为“沙雕童话”，它能将你的公主梦一一实现。开头的游戏、演绎、飙戏环节，简直是戏精玩家的主场。剧本以还原为主，难度不高，但冲击力可不弱。本中关于亲情、爱情的故事，足够让你在不知不觉间停下笑声，直到视线模糊。,"['桌面', '现代', '欢乐', '情感', '开放', '还原', '本格', '盒装']",进阶,4.5,3男3女,6,,,,,架空,85,独家,237,33
权倾天下,￥168,“普天之下，莫非王土。率土之滨，莫非王臣。天下割据，群雄逐鹿。权倾天下，史由谁书？”,"['桌面', '架空', '机制', '阵营', '还原', '城限']",进阶,7,5男3女,8,,,,,立意,99,,,24
上钟儿,￥59,“欢迎观临，中式足疗一位！58号技师！8号房上钟！”《上钟儿》，一个自带热点的题材――足浴城。当玩家都以为这是一个无厘头欢乐本的时候，却又发现这是一个集合了职场宫斗、商业谍中谍等元素的剧本，甚至背负着足底按摩这个中华传统文化的传承。每个角色看似十分平庸，但是平凡的人物都有着一个伟大的理想――搞钱。来！拉上你的小伙伴们一起快乐的搞钱吧！,"['桌面', '现代', '阵营', '欢乐', '本格', '盒装']",进阶,4,5男4女,9,,,,,日式,109,,,19
一探纠镜,￥48,“陕西省蓝田县，属西安市郊县，县城距市区五十二公里，以秦岭为界，东接华州，西临库峪河”,"['桌面', '现代', '推理', '恐怖', '新本格', '本格', '盒装']",烧脑,5,3男3女,6,,,,,民国,109,,,19
档案・玻璃屋,￥48,“在欺骗他人之前先欺骗自己。”《档案?玻璃屋》是一个硬核推理本，这里既有血字、分尸、密室多个高能案件交错，又有本格、变格的巧妙融合。盲凶的设计也让剧本“难上加难”，如果不注重细节，你可能连自己是不是凶手都不知道。结尾的反转让你在以为已经找到答案的时候又疑惑不已，所以，你以为的真相到底是什么？,"['桌面', '架空', '现代', '推理', '还原', '本格', '盒装']",进阶,4.5,4男3女,7,,,,,半封闭,122,,,14
王座,￥58,“阿斯加德的风雪夜，维京民族的极寒。”,"['桌面', '欧式', '机制', '阵营', '半封闭', '还原', '本格', '城限']",进阶,4.5,4男3女,7,,,,,新本格,129,,,12
后宫,￥58,后宫佳丽三千，小主您是否能独得皇上恩宠呢？作为欢乐互撕本的《后宫》，两男四女的配置反串更加刺激，无疑是戏精玩家的天堂了。其案件和还原部分对小白玩家也是满分的友好。《后宫》还是个高自由的剧本，人设规则什么的都不重要，互相爆料宫中密事的机制更是让欢乐指数直线上升，只要参与就都能玩出不一样的快乐。古风欢乐、互撕上位，后宫之事皆由你掌控。,"['桌面', '古风', '机制', '欢乐', '本格', '盒装']",进阶,4,2男4女,6,,,,,欧式,133,,,11
帝阙谣,￥59,获得玉玺，登上皇位，从此走向人生巅峰！在《帝阙谣》这个武侠阵营本中，道具可换可偷可交易，玩家自身就可以制造出有趣的剧情冲突，而阵营分组也是全靠玩家自己的良心和队友的私人恩怨，撕起来可谓笑料不断，精彩连连。各位在游戏中永远不要掉以轻心，能获得的东西就不要放过，技多不压身，万全的准备才有胜利的关键。,"['桌面', '古风', '阵营', '武侠', '开放', '变格', '盒装']",进阶,4.5,6男2女,8,,,,,封闭,137,,,10
大橘为重,￥58,人均小动物在本作中，你将成为一只可爱的小动物，在“铲屎官”不在家的时候，集结“咕咕特工队”上演一场奇幻精彩的冒险。《大橘为重》是一个以动物视角看世界的欢乐治愈本，能让你在体验过后了解自己的“毛孩子”当你不在家时都在想些什么、做些什么。剧中妙趣横生的合作跑团机制，将欢乐指数拉满，让你在玩本过程中获得社交。到最后你还会发现，故事中隐藏着诸多让你意料之外的反转，说不定你会因此泪目哦~,"['桌面', '架空', '现代', '欢乐', '立意', '开放', '还原', '本格', '盒装']",进阶,4,4男3女,7,,,,,校园,159,,,6
野の蔷薇：落椿,￥48,“相传在日本北海道札幌市的南边，有个叫做国都的小镇，镇上民风淳朴，百姓安居乐业。”,"['桌面', '日式', '现代', '推理', '立意', '开放', '还原', '本格', '盒装']",进阶,5,4男2女,6,,,,,武侠,159,,,6
似灵寺2,￥59,“今天是农历四月初四，一行人来到了一间名为“404”的酒吧，门口的LED灯上写着今晚的主打酒名为情深缘浅。故事开始前，让我们考虑几个问题，为何天下情深之人皆都缘浅？何为陪伴？何为守护？何为爱情？”,"['桌面', '现代', '情感', '本格', '盒装']",新手,3.5,3男3女,6,,,,,玄幻,167,,,5
似灵寺,￥59,“一个寺庙。每年都会有无数恋人在这里求一支姻缘签，为自己爱的人许下最真挚的愿望，寺庙受了香火，百试百灵。寺庙的主持告诉大家，每年的四月初四寅时五刻的时候这里会开启一次爱情的大门，走进去就可以和爱的人永远在一起。”,"['桌面', '现代', '情感', '本格', '盒装']",新手,4,4男2女,6,,,,,谍战,189,,,3
涂川,￥58,“魂之溯引，忘川为引。”《涂川》为你带来的，不是粗暴的“按头哭”，而是像一汪清泉流入你的心里。共情能力强的玩家，或许在看本的时候就已经忍不住湿润了眼眶。让人为之动容的也不只有爱情，甚至还有兄妹情。一丝善念，却结了最苦的果，世间真情留不住，到头来，一场空。,"['桌面', '古风', '情感', '玄幻', '开放', '还原', '盒装']",进阶,4.5,4男3女,7,,,,,惊悚,207,,,2
杀进头等舱,￥78,“十年前，一个商业奇葩横空出世，迅速成为“富不死”排行榜第一。吊诡的是，没有人知道ta的样貌、年龄，只知道，他叫――郑梅乾！！”,"['桌面', '现代', '机制', '欢乐', '还原', '本格', '盒装']",新手,5,4男3女,7,,,,,其它,207,,,2
月落洼,￥48,“公元1914年(民国三年)9月20日在江苏与浙江的两省交界处，有一座西塘古镇，地势平坦，周围河流遍布，水路交错，生长着许多古树，蔚然成森――往嘉兴的方向走去，偶尔能看到一些不高的丘陵，隐于林中。”,"['桌面', '民国', '推理', '本格', '盒装']",烧脑,4,3男2女,5,,,,,未来,237,,,1
有间客栈,￥58,“宁国五十六年，元皇昏庸，被逼让位，而元皇则被新皇满门赐死。”,"['桌面', '古风', '架空', '阵营', '欢乐', '开放', '本格', '盒装']",进阶,4,3男3女,6,,,,,科幻,237,,,1
山之神,￥58,“没有一张干的纸巾可以离开这个剧本的房间。”这个剧本是市面上少有的、纯写父爱的题材。在前期欢乐活泼的氛围中|你们尽情地调皮捣蛋着|到处洋溢着欢乐的笑声。当你们离事情的真相越来越近|情感也就在层层铺垫。随着真相出现的那一刹|让你复杂堆积的情感一瞬间被爆发出来|泪如泉涌|哭到抽搐。在bgm的渲染和dm的演绎加持下|心情更是久久无法平复。“父爱如山|山之伟大。”,"['桌面', '现代', '欢乐', '情感', '还原', '新本格', '盒装']",进阶,4,3男4女,7,,,,,独家,237,,,1
天才在左，我在右,￥68,“近来可好，我的朋友们？”本作是一部微恐还原本，开场通过调查问卷分发角色，每个人物都仿佛是你的内心写照。前半段玩家会沉浸在小说般的故事中，对自己现阶段知道的事情有一些的满足感，读完故事还会感觉意犹未尽。后续每个环节的呈现，包括剧本中的高低落差，都来自于作者的精心设计。仅仅21张线索卡里，隐藏的却是满满的细节。最后好不容易知道所有的真相时，又能让你不禁感叹：“窥探、猎心、傀儡、牺牲，只不过是我们每个人的标签罢了。”,"['桌面', '现代', '推理', '半封闭', '还原', '本格', '盒装']",进阶,4.5,3男4女,7,,,,,,,,,
虚拟游戏,￥48,“林家别馆再起命案，命运交织的7人将会面临怎样的危险。凶宅是否会又一次吞噬这些人命？穿越虚拟与现实的羁绊，不可思议的真相究竟在何处？恐惧在弥漫，信任在崩塌。每个人都不可避免的陷入了一场巨大的阴谋之中！”,"['桌面', '现代', '推理', '开放', '还原', '盒装']",烧脑,5.5,3男3女,6,,,,,,,,,
AB,￥78,“ 我告诉你我们警察是怎么办案的，心理侧写，基本演绎，老话说学药先学毒，要了解一个罪犯，最好是先学会怎么去犯罪，模拟现场，当好一个合格的凶手，不不不我没有真的让你去犯罪... ”,"['桌面', '现代', '机制', '推理', '还原', '本格', '盒装']",烧脑,6,4男4女,8,,,,,,,,,
通缉令,￥48,"“多起连环杀人案错综复杂，每一个案件的谜底都跟上一个案件息息相关。
”","['桌面', '架空', '推理', '还原', '本格', '盒装']",烧脑,4.5,3男2女,5,,,,,,,,,
热搜,￥58,"“正义或许会迟到，但永远不会缺席。”剧本取材于真实事件，直面多起曾经轰动网络的新闻。
","['桌面', '现代', '推理', '立意', '开放', '还原', '本格', '盒装']",烧脑,6,5男3女,8,,,,,,,,,
三谢世涂,￥178,“一生两人三餐四季五分六离七死别如幻如露又如闪电。欢聚短暂在变幻莫测的人生中我们无法选择生死唯有爱与离别才是永恒。所以这个世界上最幸运的事莫过于不论发生了什么，都有人握紧你的手说“绝不放弃你。"因为对于爱你的人来说你是一次性的奇迹。”,"['桌面', '现代', '机制', '情感', '立意', '本格', '城限']",进阶,5,3男3女,6,,,,,,,,,
甜蜜蜜,￥58,“有没有什么记忆能代表一个时代的群像?故事开始于20世纪80年代，生性顽劣的男孩邂逅了美丽的戏曲女孩，两人开始一段两小无猜的纯洁友谊，《甜蜜蜜》的共同喜爱使两人青涩的爱情开始萌动。”,"['桌面', '现代', '情感', '还原', '盒装']",进阶,4,3男3女,6,,,,,,,,,
娘娘千千岁,￥88,奢华国风工艺若你们是戏精玩家，那么你们定不能错过《娘娘千千岁》。在本作中，你们五人将作为皇后以及四位妃子，在宫内进行后妃大选。在这尔虞我诈宫里，你们需要使出浑身解数，多轮次的私聊让你能够刺探敌情，欢乐有趣的机制让你在达成目的的路上不再枯燥。随着剧情发展，更多的内幕被逐渐挖出，故事峰回路转，让作品显得更有深度。五个女人一台戏，你能否领悟个中深意？,"['桌面', '古风', '架空', '机制', '欢乐', '还原', '新本格', '盒装']",进阶,6,5女,5,,,,,,,,,
月光酒馆,￥208,“月光酒馆的故事是一个讲述人生遗憾的故事。六个各有故事的人，在一个人有故事的酒馆遇到了一个没有故事的朋友“浩子”。共同经历了“浩子”的故事，人生中的无奈，现实和遗憾太多了。希望大家来酒馆喝酒，可以开心一点。”,"['桌面', '现代', '情感', '立意', '封闭', '城限']",进阶,4,3男3女,6,,,,,,,,,
赶尸人,￥66,“天干物燥，小心火烛。故人回家，行人避让。”你有听说过“湘西邪术”吗？《赶尸人》是一个恐怖本，故事背景设定为湘西三大邪术“赶尸、放蛊、落花洞女”中的赶尸，翻开剧本，我们都变成了剧本中的“赶尸人”，npc还没有出场就令玩家毛骨悚然。故事情节完整，单人搜证环节直接把恐怖气氛拉满，绝对是恐怖本爱好者的不二选择。,"['桌面', '民国', '恐怖', '开放', '盒装']",进阶,3.5,4男2女,6,,,,,,,,,
春昼短,￥39.90,来一场浪漫的告白吧！《春昼短》这个情感剧本，令我最没有想到的，居然是一个大型求婚表白现场！环节演绎中需要玩家背对背后然后深情告白，如有需要，可以在对象转身的那一刻，单膝跪下，拿出早已准备好的鲜花或戒指，开始你们下一阶段的故事。游戏过后的我，一直有一句话：我从来就不羡慕那些星星，因为我有过自己的月亮。,"['桌面', '现代', '情感', '开放', '还原', '本格', '盒装']",新手,4,3男3女,6,,,,,,,,,
恐山大祭,￥78,黑暗是有限度的，邪恶是有边界，而人性呢？《恐山大祭》一个被名字耽误的推理本，叙诡，密室杀人，身份之谜种种经典谜题完美融入进日式传统故事之中，头脑风暴之余不免感概故事之中充满的人性。,"['桌面', '日式', '推理', '本格', '盒装']",进阶,6,3男3女,6,,,,,,,,,
我于深渊中救赎,￥149,“这一次，全都由你们自己选择，杀了他？还是放过他？这一次，你想做个好人？也许，你只想活着？这一次，谁都不能信！短信又来了，你们的秘密，还藏得住吗？”,"['桌面', '现代', '情感', '立意', '还原', '新本格', '城限']",进阶,5,4男2女,6,,,,,,,,,
第二十二条校规2-返校,￥39.90,“该回学校了，孩子们。”这剧本是校规系列的第二部作品。不禁承继了第一部的恐怖风格，还在细节之处，添加了更多让你细思极恐的地方，玩着玩着浑身颤起鸡皮疙瘩。这不是视觉的恐吓，而是由内心而发，在你的大脑里形成画面，让你感受到在这诡异的校园里，被一双大手操控的恐惧。,"['桌面', '现代', '校园', '恐怖', '开放', '还原', '盒装']",进阶,5,3男3女,6,,,,,,,,,
水镜八奇,￥158,“汉朝末年，董卓挟天子以令诸侯，战神吕布为其征讨，四方群雄并起。水镜门下八奇，谋冠天下。”,"['桌面', '架空', '机制', '阵营', '封闭', '城限']",进阶,6,5男3女,8,,,,,,,,,
地君,￥88,“?皇身虽死，皇威依存。?当这些历朝历代的皇帝碰到了一起又会发生什么样的故事，他们又能否如生前一样走入人间巅峰。”,"['桌面', '架空', '机制', '阵营', '还原', '盒装']",进阶,4,6男1女,7,,,,,,,,,
致命协议,￥58,"“复杂的感情线和豪门恩怨，让你沉浸在与别人的拉踩互撕间无法自拔，分不清到底要遵循金钱至上的原则还是要有仇报仇有怨报怨。
”","['桌面', '现代', '推理', '恐怖', '本格', '盒装']",进阶,5,3男2女,5,,,,,,,,,
绣花鞋,￥58,你的童年鬼故事里有没有一双绣花鞋？《绣花鞋》以盘问形式的自我介绍做开场。光是满屋红光、}人的背景音乐，就让你心里一阵发毛。剧本的故事毫不拖泥带水，不断浮现出来的画面、变态的作案手法使你频频忍不住手抖。配合搜证和互动的恐怖环节更是十分贴合故事。在知道自己即将面临的是什么时，恐惧感就像一把刀架在你头上，属实磨人。,"['桌面', '民国', '恐怖', '还原', '盒装']",进阶,4,4男2女,6,,,,,,,,,
群星,￥68,“1986年，巨型彗星撞击，低纬度地区生物大量死亡，全球性粮食减产，温室效应加剧……”,"['桌面', '机制', '立意', '还原', '盒装']",新手,4,3男3女,6,,,,,,,,,
刁民2,￥59,小小村落，人生百态。剧本是一个欢乐互撕本。剧情轻松愉快，没有花里胡哨的环节，不需要任何演绎，场面就已经很混乱了，大家仿佛“刁民“上身一般，就是撕。无论什么事，就是想喷你。整个过程十分欢乐，八人掀桌，激情开撕。如果你压力太大，不妨来开心地大闹一场，释放自己！,"['桌面', '现代', '推理', '欢乐', '本格', '盒装']",进阶,4,4男4女,8,,,,,,,,,
深林,￥68,"“前期和你并肩作战的伙伴后期却可能成为劲敌。
”","['桌面', '架空', '机制', '阵营', '开放', '还原', '本格', '盒装']",进阶,4,3男2女,5,,,,,,,,,
红衣男孩,￥78,恶魔真的在人间。比起虚无缥缈的鬼，更加可怕的是人性。剧本根据真实案件――重庆红衣男孩改编。本里对恐怖环境描写得十分细致真实，其搜证环节配上背景音乐和主持人的演绎，直叫人胆颤。越盘越带感的凶案，让你大胆的猜想不断被印证，直吓得一身冷汗。社会底层的挣扎、人间的罪恶，到底谁可以审判？,"['桌面', '现代', '情感', '恐怖', '还原', '盒装']",进阶,3,3男2女,5,,,,,,,,,
第一次送你花,￥188,“一场离奇命案，一朵奇异的花跨越千年的爱恨别离尔等六人既可旁观者亦可亲历世间尽有精心策划的偶然而爱人的人，跋山涉水从未介意这世代风尘突如其来的相遇，始料未及的倾慕猝不及防的再见，毫不留情的散场。”,"['桌面', '古风', '现代', '欢乐', '情感', '还原', '新本格', '城限']",新手,5,3男3女,6,,,,,,,,,
来电,￥39.90,"“面对世俗的欲望，你还可以坚守自己的信念吗？”
","['桌面', '现代', '欢乐', '本格', '盒装']",新手,4,3男3女,6,,,,,,,,,
恶渊百物语,￥59,“日本流传着一种叫做“百物语”的仪式游戏。在新月的夏夜，天最黑的时候，点燃100支蜡烛，众人围坐暗室讲怪谈。每讲完一个就吹灭一支蜡烛，吹完最后一支蜡烛，鬼魅便会前来...”,"['桌面', '日式', '推理', '恐怖', '半封闭', '还原', '本格', '盒装']",进阶,5,5男1女,6,,,,,,,,,
诡计博物馆,￥68,“不知从何时起，人们在茶余饭后流传起这样一位人物。他是一位狂热的收藏家，但其所藏既非古玩字画，也非四书五经，而是诡谲无比的杀人诡计。密室杀人？不在场证明？身份错位？”,"['桌面', '现代', '推理', '还原', '本格', '盒装']",进阶,5,5男2女,7,,,,,,,,,
春运,￥68,“每年春节，人头攒动，浩浩荡荡，在车站、机场，人们背着大包小包，挤上人挨人的狭小空间。坐着、站着，寸步难移，手脚僵直着，忍耐着。?回家。”,"['桌面', '现代', '阵营', '欢乐', '本格', '盒装']",进阶,4,5男3女,8,,,,,,,,,
牌花,￥138,“1999年，9月9日，在海滨国际酒店发生了三次命案。三宗命案发生在同一天，同一个地方，死者都是Y国的权贵，但三宗命案看起来又毫无关联...”,"['桌面', '现代', '推理', '立意', '半封闭', '还原', '本格', '城限']",烧脑,6,4男3女,7,,,,,,,,,
白衣倾城,￥208,“传闻一出，江湖震动，初春三月，三教九流齐聚岳阳。随着这场武林盛会的临近，岳阳城外的悦来客栈，却成了本次武林大会的序章。”,"['桌面', '古风', '机制', '情感', '还原', '城限']",进阶,8,5男3女,8,,,,,,,,,
顶楼,￥59,“自由港有个国辉大厦，有天来了几个奇怪的房客。不为人知的秘密，难以克制的欲望在顶楼里四处流窜，妄想控制一切的房东，开始愚弄房客。这个世界究竟有没有鬼？”,"['桌面', '现代', '推理', '恐怖', '还原', '变格', '城限']",进阶,5,4男3女,7,,,,,,,,,
神乐汤,￥88,“神乐汤温泉，坐落在繁华的星町市，相传早在在日本江户时期就已然存在。时过境迁，今天店长“蛤蟆先生”将会邀请各位贵宾前来洗浴消遣蓄谋已久的狂欢盛宴不为人知的暗流，离奇失踪的神秘女子;惨死于窗前的肥胖男人。”,"['桌面', '日式', '机制', '推理', '还原', '本格', '盒装']",进阶,5.5,3男2女,5,,,,,,,,,
尔娱我诈,￥78,“9.7分――这是国产电视剧在豆瓣获得的最高分数。”,"['桌面', '现代', '机制', '欢乐', '开放', '还原', '盒装']",新手,4,4男3女,7,,,,,,,,,
野生,￥48,“一场名震北城古董界的文物展会。”,"['桌面', '现代', '推理', '立意', '半封闭', '还原', '新本格', '盒装']",烧脑,4,2男3女,5,,,,,,,,,
情书第九页,￥66,“1990年的海城，他们相聚于阴暗角落2006年的公海，他们重逢于豪华游轮生在泥泞有人劈开黑暗，有人堕入深渊不肯屈从命运，就顽强地扬起风帆不愿相信正义，就弧绝地枕戈待旦最后，回望来时的坎那第九页的信件，你是否了然?”,"['桌面', '现代', '情感', '立意', '开放', '还原', '本格', '盒装']",新手,4.5,3男2女,5,,,,,,,,,
恶意,￥58,“崇兴研究所是我国最机密顶尖的生化研究所之一，除了内部人员和相关上级领导，普通的人甚至不知道这些国家机密研究所的存在。里面所有的研究人员都是顶尖人才，研发的项目也绝对保密，除了该项目研发组的负责人员外其他人根本不知道其内容。”,"['桌面', '现代', '推理', '还原', '本格', '盒装']",烧脑,5,4男2女,6,,,,,,,,,
让蝉声渐响,￥39.90,立意深远|推理体验高|防天眼这是关于一个破碎女孩的黑暗故事。剧本中讨论了关于性别、家暴、校园暴力等的热门议题|由北京电影学院科班团队打造|使得其具有更强烈的真实感|也更具社会意义。独特的防天眼机制|使得作品有两套推理体系|分别指向不同的凶手|在推理上的逻辑却也都相当严谨。双密室、催眠、机关、身份互关|多重核诡又赋予这个剧本不俗的推理体验。希望各位能帮助这位破碎女孩|拼凑起她碎片般的生活。,"['桌面', '现代', '推理', '立意', '还原', '本格', '盒装']",进阶,5,3男3女,6,,,,,,,,,
孽岛疑云,￥48,“时值清宣统**逊位后，中*改国体为*和，袁世*就任大**。西方列强忙于欧陆*场时，仍不忘扩张在**的殖民势力，这一年，上海法租界的面积扩展至15150亩。在上海之东的大洋上，零星散布着许多岛屿，其中一座因与陆地不远，如同宗外旁支，得名“孽岛”,"['桌面', '民国', '推理', '本格', '盒装']",进阶,4,2男3女,5,,,,,,,,,
橡皮,￥88,“橡皮能够擦去铅笔的痕迹，却擦不去我们一起度过的温暖四季。”,"['桌面', '现代', '情感', '开放', '本格', '盒装']",新手,4,2男4女,6,,,,,,,,,
金玉良缘,￥59,“公元690年，武则天称帝，随后在其主张下，洛阳修建了第一座专供女子的书院西君书院！”,"['桌面', '古风', '阵营', '欢乐', '开放', '本格', '盒装']",进阶,4,4男4女,8,,,,,,,,,
},￥39.90,这是一本以广东当地风俗“头七”为背景的恐怖本。7位年轻人的好友在死后的第七天，竟然受到邀请要在一场荒废的死城用一些通灵道具进行一场通灵直播，通灵直播房间内陈列的一张张诡异照片仿佛在透露着丝丝危险当你们察觉危险来临的时候，是谁在悄声无息地看着你们呢？你们可以逃离这个地方吗？,"['桌面', '现代', '恐怖', '变格', '盒装']",进阶,5,4男3女,7,,,,,,,,,
月见草,￥58,“从一封邀请函说起：如果这是人生最后一次聚会，你想邀请谁？我翻来覆去地想了好几天，还是忍不住给你写了这封信。”,"['桌面', '现代', '情感', '半封闭', '还原', '本格', '盒装']",进阶,4,3男3女,6,,,,,,,,,
粉灯,￥148,“霓虹灯下粉墨登场的，是罪恶与真情。”翻开剧本，伴随着音乐，浓浓的港风气息扑面而来。中间插入的机制是类似于大富翁的游戏，你将通过游戏获得道具，来争夺最后的胜利。在这里没有绝对的朋友，过早的相信别人有可能会“众叛亲离”哦。剧本的结局振奋人心，让我们一起化身成90年代的一员，体验一番纸醉金迷的生活吧,"['桌面', '现代', '机制', '开放', '本格', '城限']",进阶,4.5,4男4女,8,,,,,,,,,
甜蜜的家,￥88,“现在，我将向你展示家的全貌。这里的河流淌着血液，白骨在枯藤里嘎吱作响，要警惕那骷髅一样的果实，它会泯灭你的良知，吃掉你的记忆，模糊你的神智，蒙蔽你的双眼。”,"['桌面', '现代', '推理', '恐怖', '本格', '盒装']",进阶,6,3男2女,5,,,,,,,,,
小吊梨汤,￥158,“这是皇城根儿下的一个老胡同，街坊四邻亲切的称呼它为"小吊胡同"”,"['桌面', '现代', '情感', '立意', '本格', '城限']",新手,4.5,3男3女,6,,,,,,,,,
那时的我们（六人版）,￥39.90,“是否还记得那年夏天，那群傻瓜，说的那句傻话――要一辈子做最好的朋友。可是分别十年，当初那么要好的一群人，现在为什么就不联系了呢？很多年不联系，那些曾经存在过的感情就消失不见了吗？”,"['桌面', '现代', '校园', '情感', '还原', '本格', '盒装']",进阶,4,3男3女,6,,,,,,,,,
比武招亲,￥68,“自古以来，英雄难过美人关，比武招亲，看热闹不嫌事大。若不是大小姐美到倾国倾城，何能让各路英雄豪杰大显身手。谁能够在三天之后夺取小姐芳心？现在城里各大赌坊都开了盘口。”,"['桌面', '古风', '机制', '欢乐', '还原', '本格', '盒装']",新手,4.5,6男,6,,,,,,,,,
千秋赋,￥158,“大越王朝开国以来，春华秋实三百余载。如今天下四分，南苍十八城，潇湘十五城，平川十三城，楚阳十二城。三百年来，无数文臣悍将为大越国头颅洒热血，昔日悍将终将回归山河，千秋更迭后，意气风发的后起之秀亦将崛起，再度成为大越岿然挺立的万里高墙。”,"['桌面', '古风', '情感', '还原', '城限']",进阶,5,3男3女,6,,,,,,,,,
菜市场,￥58,“八十年代的港城，时局动荡。有人埋头苦干，有人不劳而获，有人不可一世……人们之间鸡毛蒜皮的小事可能就会闹得鸡飞狗跳。”,"['桌面', '现代', '机制', '欢乐', '还原', '封闭', '本格', '盒装']",新手,4,4男3女,7,,,,,,,,,
恶之寒,￥98,“Y市是一座地域偏僻、落后的城市。在这里所有的黑暗都滋生得如~得水，法律在人的心中置若罔。”,"['桌面', '现代', '机制', '恐怖', '开放', '还原', '本格', '盒装']",进阶,4,3男2女,5,,,,,,,,,
在人间,￥108,“若人间不见，平安唯愿：若人间再见，莫忘执念：若人间有来生，愿你我仍然虔诚。一切皆为因果轮回，种下了因必将得到果。时代的动荡不安，人们的跟风前行，因为大家都懂，木秀于林风必摧之。”,"['桌面', '现代', '情感', '还原', '本格', '城限']",新手,5,3男3女,6,,,,,,,,,
恶名2无耻之徒,￥138,"“This is how we define strangeness。Unfamiliar，Ignorant，Irrelevant。
”","['桌面', '日式', '架空', '情感', '立意', '新本格', '城限']",进阶,4,4男3女,7,,,,,,,,,
刁民1,￥35,“分贝村，位于G省深山之中。地处偏僻且交通不便，村民淳朴勤劳，大多一生都生活在此处。然而村落被大河集团看中决定将其建设为旅游景区，该项计划已经得到镇政府的批准，因此大河集团决定派出拆迁团队入驻分贝村组织拆迁工作，拆迁经理付大龙全权负责此项目。”,"['桌面', '现代', '机制', '欢乐', '开放', '本格', '盒装']",进阶,4,3男3女,6,,,,,,,,,
病娇男孩的精分日记,￥59,你有玩过以七本日记为展现形式的剧本杀吗？《病娇男孩的精分日记》讲述了一个精神分裂的、体内住着七个“我”的男孩的故事。剧本巧妙的设计就在于虽然大家都是同一个人|但是每个人只能拥有一天的视角。游戏中间还穿插着恐怖搜证、密室解密等环节|一环扣一环。让你合上剧本之后回味时|还会忍不住感叹：“热闹是我的|孤独也是我的。”,"['桌面', '现代', '推理', '恐怖', '半封闭', '还原', '本格', '盒装']",烧脑,5,7男,7,,,,,,,,,
蛊魂铃,￥59,“叮~~~~夜叉鬼”摇动蛊魂铃，召唤出了亡者的灵魂，他会对你说些什么呢？行业探索者TAKU作品，开创了音频搜证的先河，在那个剧本杀刚刚兴起的年代，这样一个本的出现无疑为大家带来了新的体验和思考。即使放在今天，也同样可以入围新玩家入坑必选之作的名单。,"['桌面', '古风', '推理', '恐怖', '还原', '变格', '盒装']",烧脑,4,4男2女,6,,,,,,,,,
木鬼,￥108,“在这场盛大的遇见之中，你我潜行人间，都是彼此生命中的过客，或相知相伴，或萍水相逢，或来去匆匆。”,"['桌面', '现代', '恐怖', '立意', '惊悚', '还原', '盒装']",新手,4,3男3女,6,,,,,,,,,
乱神志・九不思议街,￥158,“在大海的中央，艘破败不堪的战舰正 在缓慢航行。”,"['桌面', '架空', '推理', '玄幻', '本格', '城限']",进阶,6,3男3女,6,,,,,,,,,
龙宴终章―兵戈,￥59,“天下山河本是一家，名齐，后齐国分两担，南北两皇各得其一”,"['桌面', '古风', '架空', '机制', '阵营', '本格', '盒装']",进阶,5,3男4女,7,,,,,,,,,
云使,￥188,你相信这个世上有神仙吗？《云使》是《鸢飞戾天》作者的第二部作品，也是继情感本里程碑后的又一部经典佳作。故事以民国时期为背景，家国情怀浓重，它没有刻意的按头哭，层次厚重而不沉重，将沉浸这一点循序渐进地融进剧情里。当作为云使的你恍然发觉它讲述的是什么时，先前累积的情感进一步加深，你会意识到它绝不是一个简单的“哭哭本”。它是那个年代下的众生相，也是未曾停止奔涌的时代。,"['桌面', '情感', '开放', '城限']",进阶,6,3男3女,6,,,,,,,,,
杀人回忆,￥39.90,"“一阵骚乱之后，警车呼啸而来。
又是一具尸体。这已经是三个月来，清风城的第五起命案了。
幽黑的雨夜，淋漓的鲜血，诡异的尸体.....警方却束手无策。”","['桌面', '现代', '推理', '开放', '还原', '本格', '盒装']",烧脑,5,3男2女,5,,,,,,,,,
斗天,￥78,“传说龙虎山之下蕴藏着巨大的秘密有人说是因为山顶有位老神仙，降龙伏虎镇邪魔。也有人说是因为山下有只恶鬼，能打开通往地狱的深渊。有人侥幸逃脱，有人永远被留在了那里，还有一些人，下山后 如同被山鬼掉包了灵魂...”,"['桌面', '现代', '机制', '阵营', '开放', '还原', '变格', '盒装']",进阶,5,5男3女,8,,,,,,,,,
隔墙有眼,￥68,"“大火燃不尽的是罪恶的痕迹，而阴暗的角落中邪恶的花朵正在慢慢滋生。
嘘，不要动，小心，隔墙有眼。”","['桌面', '现代', '推理', '恐怖', '本格', '盒装']",进阶,3.5,3男1女,4,,,,,,,,,
泉溪村,￥68,“你是想要一个符合预期的答案，还是真相？”《泉溪村》是一个市面上少有的日式题材的四人推理、还原本。作者用精炼的语言，巧妙地讲述了当这个古老的、与世隔绝的泉溪村中有陌生人来临时，会发生的一切神秘莫测的事情。在这里阴谋与暗流，残忍与野心，鬼怪与人性，毁灭与新生交错复杂，谁也不知道对方到底为何来此，也不知道自己的到来是否正确。直到最后揭开真相的那一刻，才明白原来一切尽在掌握中。,"['桌面', '日式', '推理', '玄幻', '还原', '变格', '盒装']",新手,4,2男2女,4,,,,,,,,,
银子那点事,￥58,“掌柜的是一貌美妇人，举行言谈不似寻常商贾，看起来不太好相处。酒肆有一个打杂的小姑娘，叫【扈扈HU】，手脚麻利。渐渐地，&ldquo;善云酒肆&rdquo;门口的商贩多了起来，”,"['桌面', '民国', '机制', '欢乐', '开放', '还原', '本格', '盒装']",新手,2.5,2男2女,4,,,,,,,,,
三分之一谋杀案,￥98,“天龙帮是A市最大的黑道帮派，涉及到了许多不法案件，但由于其每次都做的天衣无缝，导致警方很难抓住天龙帮的把柄。在2008年后，天龙帮正逐渐洗白转型，变为天龙集团。而人们也逐渐忘记了这个曾经叱咤A市的地下黑帮。”,"['桌面', '现代', '机制', '推理', '开放', '还原', '本格', '盒装']",新手,3,2男2女,4,,,,,,,,,
食梦女,￥58,“三尸蛊、杀子梦、怨女袍、人偶疮…一件件诡谲灵异之事降临在鹿州城中的一户寻常人家。”,"['桌面', '古风', '恐怖', '变格', '盒装']",进阶,4,2男2女,4,,,,,,,,,
自摸天神,￥108,“四年一度的亚洲雀神大赛即将在香港举行，四位选手经过层层选拔一路过关斩将来到决赛，然而风平浪静的表面上却隐藏着无数的惊天大秘密，到底是人性的扭曲，还是道德的沦丧，雀神之位又会花落谁家？谁知道呢？选手们冲就完事儿了！！！”,"['桌面', '现代', '机制', '欢乐', '开放', '本格', '盒装']",新手,3,2男2女,4,,,,,,,,,
海底世界,￥98,“2018年9月30日，星期六，今天天气晴朗，适宜出行，我市ALL BLUE海洋馆更是凭借引进自韩国的白鲸昭昭，吸引了众多游客的到来。”,"['桌面', '现代', '机制', '推理', '开放', '本格', '盒装']",进阶,4,2男2女,4,,,,,,,,,
雪中孤岛,￥88,“浓云淡月，北风过岗，卷得寒松嘶鸣。此时山间别墅赤松馆的主人约翰・克顿带着妻子艾薇与合伙人安迪・柯克来此度假。另一方面，名侦探戈登・霍尔与他的助手哈利・霍尔声称收到了匿名犯罪预告，特地赶来了赤松馆。”,"['桌面', '欧式', '情感', '本格', '盒装']",进阶,3.5,2男2女,4,,,,,,,,,
窥镜,￥58,“当你凝视镜子的时候，镜中的人也在凝望你。”剧本杀行业首部四人剧本，即使是在行业高速发展的今天，也同样是不可多得的精品剧本，逻辑严密、角色互动性强、推理难度不高，人数较少也无需拼场，十分适合作为新手玩家入门和聚会之选。,"['桌面', '现代', '恐怖', '开放', '盒装']",新手,4,3男1女,4,,,,,,,,,
一出好戏,￥39.90,“流量天王”郝多鱼近三年来出演的四部电影票房全部超过50亿，占领了票房榜冠军整整三年，算得上是影视界一代传奇。他从不与其他大腕儿明星搭戏，而是经常选一些名不见经传的艺人担任主配角。,"['桌面', '现代', '推理', '开放', '还原', '本格', '盒装']",烧脑,4,2男2女,4,,,,,,,,,
送你一朵小花花,￥68,“我们总能听到不同的人们用各异的方式赞美着那个他们眼中的世界：那个晴朗的世界；那个包容的世界；那个温柔的世界；那个善意的世界；……那么你呢？你，听到了么？你，看到了么？你，感受到了么？”,"['桌面', '未来', '现代', '欢乐', '情感', '开放', '还原', '本格', '盒装']",新手,3.5,2男2女,4,,,,,,,,,
桔梗物语,￥39.90,“生而为人，我很抱歉。黑暗我知道，太阳总会升起，但并不是每个人都能熬过若还能重来，我将依旧赴汤蹈火， 在所不惜若还能相见”,"['桌面', '日式', '现代', '推理', '情感', '开放', '还原', '变格', '盒装']",新手,4,2男2女,4,,,,,,,,,
阿依达,￥78,“为什么明明在单纯美好的校园之中，却要活在暴力的阴暗之下？”《阿依达》把玩家化身成学校戏剧社里的几位学生，通过戏剧，既能体验到“古埃及”的神秘力量，又能感受人与人之间的恩怨情仇。加入的机制设计也是十分的巧妙，所有人需要一起破解两次密码，争夺活下去的机会。最后立意的升华发人深思，校园霸凌不仅仅是直接的攻击，也有可能是你冷漠的围观，“往往细小的事情，却会换来惨痛的代价。”,"['桌面', '现代', '校园', '情感', '开放', '本格', '盒装']",新手,4,2男2女,4,,,,,,,,,
豆大点事物语,￥66,“在祈福的撒豆节，气氛热闹，但是，在御供町里，发生了一宗奇异的命案。死者留言指出什么事实？看似完美的犯罪又留下了什么微妙的破绽？四个有钱的商人聚在一起，作为相关者，为避免刨腹谢罪，相互猜疑。”,"['桌面', '日式', '欢乐', '开放', '还原', '本格', '盒装']",进阶,4,2男2女,4,,,,,,,,,
K的游戏8望雀,￥48,“江湖帮派霜天阁声名鹊起，其阁主夫人罗雀虽为当世神医，却因病移居望雀楼，不能自医。同月，阁主胡恒广宴宾客，大肆操办，为一女子庆生。生辰宴当夜，望雀楼突发大火，罗雀殒命其中。在场四人，究竟谁是杀害罗雀的凶手？”,"['桌面', '古风', '推理', '武侠', '封闭', '本格', '盒装']",进阶,4,3男1女,4,,,,,,,,,
戏精的诞生,￥98,“聚光灯下，群星璀璨，娱乐圈里纸醉金迷。在这个娱乐至上的年代，你是否也有一个演（戏）员（精）梦呢？近期，榴莲卫视推出一个名为《戏精的诞生》的比赛，想要在万众瞩目的舞台上施展你无处安放的才华和演技吗？”,"['桌面', '现代', '欢乐', '开放', '本格', '盒装']",新手,7,4男4女,4月8日,,,,,,,,,
搞钱！,￥58,“来到这里只有一个目的！就是搞钱！”这是一个7-10人的欢乐机制本|剧本中没有杂糅过多的元素和信息|单单“搞钱”一个主题贯穿全场。小游戏的设定不尴尬|可以让玩家主动参与、主动撕比。每个人物都有不同的技能设定|千万小心你身边的“老骗子”们！玩到最后合上剧本时才会发现其中其实暗藏玄机|只得感叹一句：“原来当有钱人也不容易啊！”,"['桌面', '架空', '现代', '机制', '欢乐', '开放', '还原', '本格', '盒装']",新手,4.5,5男5女,7月10日,,,,,,,,,
血染钟楼（染・钟楼谜团）,￥25,“在一个月黑风高的夜晚，镇子的钟楼上，一声惨叫响起，我们的说书人被发现吊死了，大量镇民聚集，等待他们的是――血染钟楼。”,"['桌面', '其它', '其它', '开放', '盒装']",新手,4,5男5女,5月20日,,,,,,,,,
青楼2,￥78,“长安有一间名叫玉满楼的青楼，是无数大臣小相、富家公子、贤人雅士都流连忘返之地。当年发生了一些事，使其常年生意暗淡，直到历经了数十年才得以恢复昔日光彩。如今，玉满楼已焕然一新，那些陈年往事早已被人遗忘……”,"['桌面', '古风', '机制', '阵营', '还原', '本格', '盒装']",进阶,4,4男3女,7,,,,,,,,,
纸妻,￥39.90,娃娃的眼睛似蜜，治百病，要不要尝一口......专注于恐怖本的葵花工作室发行的《纸妻》，可以说是开店必备，沉迷于恐怖元素的新老玩家可以闭眼入坑。经典的民国背景、凄厉的歌声、破落而散发着鬼气的老宅都在告诉你，这里发生过惨绝人寰的故事。《纸妻》在有限的条件下将氛围拉到满级，恐怖而硬核，胆小勿入！,"['桌面', '民国', '阵营', '恐怖', '开放', '还原', '变格', '盒装']",进阶,3.5,4男3女,7,,,,,,,,,
逢山遇鬼,￥39.90,多元素且都做的不错不是好人该死|是因为他们看到受到苦难的人|宁愿自己去承受。这是一个多元素、梦幻的治愈情感本|包含了微恐却又不失欢乐。开局俏皮可爱却不显幼稚的文字|加上欢乐的破冰小游戏|使你很快沉浸其中。简短细腻的剧情耐人寻味|画面感十足|恐怖冒险又升华了整体氛围。情感演绎和令人动容的故事更是迅速将你的心揪起。当最终的伤感别离来临|你将面对心中最深的那抹执念。愿我们都能努力做那个善良可爱的人。,"['桌面', '现代', '情感', '恐怖', '还原', '变格', '盒装']",新手,5,3男4女,7,,,,,,,,,
青楼,￥39.90,“我今儿逛青楼，不听曲儿，就是玩儿！“天下第一青楼，玉满楼的姑娘从来都是卖艺不卖身，今晚却破了这儿规矩！姑娘拍卖会上，公子们可为了争夺花魁，撕破了脸。姑娘的才艺表演、公子们的喝酒听曲儿，还原了青楼的纸醉金迷。口述搜证、魔石寻凶、寻宝打斗等新颖机制，一刻都停不下里。各位客官，来《青楼》听听曲儿吧。,"['桌面', '古风', '机制', '阵营', '开放', '本格', '盒装']",进阶,5,4男3女,7,,,,,,,,,
红夷海乱,￥138,热血海战新颖机制“我的仙之助号，从来都是为你而来。”这里的每个人都有各自独特的热血和浪漫。棋牌与跑团机制的结合，每个人的体验又各不相同。但一样的是都能感受到一场声势浩大的海战一触即发，仿佛浪花和呐喊正环绕四周一般，身躯不自觉随浪潮起伏。阵营的高度自由，每个人的艰难抉择，都使得决战前的局势更不明朗，四处暗流涌动。\n为了我们的大明，为了收复我们的宝岛台湾，冲呀！,"['桌面', '古风', '架空', '机制', '情感', '开放', '还原', '变格', '城限']",进阶,5,4男3女,7,,,,,,,,,
蜇蜂之死,￥68,“两个月前，一部名为《鸢尾凋零之冬》的小说出现在首尔日报社建立的网络平台上，这是一篇以真实案件为故事背景创作的悬疑类短篇连载小说，讲述的是15年前发生在加平郡的一系列连环凶杀案，那是一桩至今仍未解决的悬案。”,"['桌面', '架空', '现代', '推理', '情感', '开放', '盒装']",烧脑,6,4男3女,7,,,,,,,,,
小兔儿乖乖,￥29,“想要我的宝藏吗，我将它全部藏在多乐森林了，快来寻找吧！”,"['桌面', '现代', '情感', '立意', '本格', '盒装']",新手,4,3男4女,7,,,,,,,,,
刺探,￥78,“大唐龙朔三年，在白村江之战中以少胜多，大破扶桑军队。”,"['桌面', '古风', '阵营', '开放', '本格', '盒装']",进阶,4,5男2女,7,,,,,,,,,
壬辰倭乱,￥148,"“建一座城，守一方地，只愿得一人心。”
","['桌面', '古风', '架空', '机制', '情感', '开放', '还原', '变格', '城限']",进阶,6,4男3女,7,,,,,,,,,
谍影・瞒天过海,￥88,“1947年，上海商会会长陆定丘受国民党保密局之托计划运输一批重要物资前往台湾。”,"['桌面', '民国', '阵营', '谍战', '本格', '盒装']",进阶,5,4男3女,7,,,,,,,,,
镖师,￥158,“镖师入门有三叩，你们知道吗？一叩祖师爷，二叩师傅，三叩天地。”,"['桌面', '民国', '机制', '情感', '还原', '本格', '城限']",进阶,5,4男3女,7,,,,,,,,,
漆昼之瓮,￥68,"“人死后是会是上天堂的，因为人间就是地狱。”
","['桌面', '现代', '推理', '还原', '本格', '盒装']",进阶,4,4男3女,7,,,,,,,,,
记忆碎片,￥59,“你们死了”但是必须找到你们的死因，才能上天堂。行业探索者TAKU作品，开创了没有剧本的推理模式，玩家们只能通过线索来找到自己的身份，再推出自己的死因，即使是在行业飞速发展的今天，也同样是能让人眼前一亮的精品剧本。在体验过程中不会因为没有剧本而显得故事单薄，反而玩家摆脱了剧本所带来的惯性思维，能够更自由更发散的去寻找自己的身份和死因，而且角色的身份里还隐藏了小小的彩蛋哦。,"['桌面', '现代', '欢乐', '开放', '变格', '盒装']",新手,3,4男3女,7,,,,,,,,,
第二十二条校规,￥39.90,比死还恐怖的是违反校规。《第二十二条校规》是一部校园题材的恐怖剧本，它阐述的就是你自以为不起眼的小“恶”所造成的大“恶”。它最出彩的点就在于读本时慢慢蔓延而出的来自每个人内心的恐惧感，令人头皮发麻、背脊生凉。对于胆小的小伙伴来说，快速指凶是最紧急的，但是在你以为故事完结的瞬间，又要进行一个足以让你尖叫的“笔仙”仪式，极其磨人。系列作《校规2》也紧跟步伐，热度飞涨，这个系列胆大的勇士可别错过。,"['桌面', '现代', '恐怖', '封闭', '变格', '盒装']",新手,4,4男3女,7,,,,,,,,,
漓川怪谈簿,￥35,“我害怕鬼，但鬼未伤我分毫。”这是一个集趣味日式怪谈和硬核推理为一体的剧本，有着一些可爱不懂人情世故的小妖怪们。故事丰富有趣，人物塑造得十分鲜活生动。令人拍案叫绝的是视角转换的机制，从另一个视角看曾经发生过的事，让你感觉出乎意料、哭笑不得。后面的反转又让你充满了惊喜感。妖怪们虽然外表可怕，但内心却十分温柔，治愈着你的心灵。,"['桌面', '日式', '架空', '推理', '开放', '还原', '变格', '盒装']",进阶,5,3男4女,7,,,,,,,,,
孤城,￥39.90,这把98k我要了！《孤城》作为一个民国背景的阵营机制本，最大的亮点就是能骗，整场游戏下来就一个感觉――这是个老骗子俱乐部啊。尔虞我诈的猜身份、明争暗斗的拍卖、只有一个人能走出孤城客栈的吃鸡环节，共同撑起了这充满激情与谎言的四个小时，到最后我也不知道到底谁是我真正的队友，我只知道我有98k能让我活着走出客栈就够了。随机凶手的推理环节充满了趣味性，增加了不确定性，并且和之后的机制结合得很好，所有人都带着目的去盘凶，凶手已经不重要了，重要的是你带着什么任务来的！,"['桌面', '民国', '机制', '阵营', '本格', '盒装']",进阶,5,4男3女,7,,,,,,,,,
市井狂人,￥50,在这小小市井之中，又会有怎样的奇人轶事呢？在看到每个人物名字的时候你可能就能感受到这个剧本的无厘头趣味了。剧本融合了大量的谐音梗和潮流热点，将浓浓的市井气息融入整体欢乐背景之中。玩家间的交互形式设计巧妙，能使得众人在激烈讨论下触发不同爆笑支线的体验，将整体氛围再次提升。无论是天马行空的设计，脑洞大开的手法，还是奇思妙想的架构，都能带给你满满的体验感。市井的烟火气息，才是人间风味。,"['桌面', '现代', '机制', '欢乐', '本格', '盒装']",新手,5,5男2女,7,,,,,,,,,
死者在幻夜中醒来,￥48,“河流上，漂浮着许多载着烛光的纸船，在一片波浪中，摇曳成一片星星点点。”,"['桌面', '日式', '架空', '推理', '恐怖', '开放', '还原', '变格', '盒装']",烧脑,6,4男3女,7,,,,,,,,,
兵临城下2：你好，新天津,￥59,“这是最好的时代|也是最坏的时代。”《兵临城下2》讲述的是天津解放时期的故事。前期的破冰环节一直到最后那一刻|都会让你真实的成为故事中的那个人。作者的文字并没有把剧本中的情感强加在玩家身上|反而把身处那个战火纷飞的年代|面临选择时的无奈表现的淋漓精致。丰满的人物和贯穿全局的情感铺垫使得沉浸环节更加深入人心|玩到最后热泪盈眶时才终于明白了那句“哪有什么岁月静好|不过是有人为了我们负重前行。”,"['桌面', '情感', '立意', '开放', '盒装']",进阶,4,4男4女,8,,,,,,,,,
将至2,￥158,"“少侠,您出道已久,想必已听过很多,经历很多。您或许在息然草原上驰骋过,也曾在江南一水阁见证过,亦或者在京都大战中参与过…………您死过,生过,无悔过。然而,乾朝景华十年的故事终究有些旧了,我们需要一段新的江湖旅程了。”","['桌面', '古风', '机制', '阵营', '武侠', '本格', '城限']",进阶,5,4男4女,8,,,,,,,,,
至暗时刻,￥68,“一场会议，几方交锋。至暗时刻，风谲云诡。正义，邪恶，利益，信仰……当理智为疯狂加冕，浸染着鲜血的故土已然斑驳泥泞，良知也被欲望蚕食殆尽，只剩肮脏。”,"['桌面', '架空', '机制', '阵营', '开放', '盒装']",进阶,6,5男3女,8,,,,,,,,,
刺秦,￥58,"“好似群魔堂上舞，凡人哪辩忠和奸。”剧本一开始就呈现了一幅秦王统一前,朝堂内群魔乱舞的可笑画面。上朝机制新颖有趣，但请小心，你的抉择将是秦王对你的考验。游戏设计围绕了“秦王绕柱，拔剑不出”的历史典故，每走一步都至关重要。这场心理博弈战，兵法布局行军打仗，最后的大赢家又会是谁？","['桌面', '阵营', '欢乐', '开放', '盒装']",进阶,4,5男4女,8月9日,,,,,,,,,
宝格丽之夜,￥39.90,“你我本无缘，全靠你有钱。”推理？投凶？盘逻辑？比起这个，想办法捞钱，擦亮眼睛找到真正的高富帅，钓上金龟婿才是王道！你要做的，就是游走在名媛贵少之间，玩转这场人心与物欲的海天盛筵。《宝格丽之夜》气氛欢乐搞笑，男女之间的互动别开生面，简直是一场活灵活现的大型相亲现场。约上几个好友来一场名媛争夺赛吧，记得把暧昧中的那个TA带上！,"['桌面', '现代', '机制', '欢乐', '还原', '本格', '盒装']",新手,3.5,4男4女,8,,,,,,,,,
我们都将死于29岁,￥138,不固定死者，不固定凶手。“很多人29岁就死了，80岁才埋。”你玩过不固定凶案的恐怖本吗？凶案现场由你们自己制造，死者也就在你们当中。不固定凶手，不固定死者。死亡的人真实“死亡”，需要立刻离开房间。本作精妙新颖的设定，高自由度的机制，将给你带来充足的发挥空间，你的情绪也将随着剧情推进愈发高涨。最后的惊悚演绎呈现在你面前时，更是将你的情绪推至高潮。这里是你的终点，也是开始，你做好准备了吗？,"['桌面', '现代', '机制', '情感', '本格', '城限']",进阶,5,4男4女,8,,,,,,,,,
林家宅2鬼谈,￥39.90,“在月牙村的村口前立有一块石碑，上面只刻了两行大字，每晚亥时至子时，不得出门。每到晚上八点左右，月牙村的灯火全熄，门窗紧闭，静悄悄的仿佛像无人的荒村一般，究竟是什么让他们如此这般？”,"['桌面', '现代', '欢乐', '恐怖', '本格', '盒装']",进阶,5,5男3女,8,,,,,,,,,
催婚,￥59,“听上一辈人说，那时候结婚，就是两个人、一辆自行车、一顿酒席，还有七姑八姨、亲戚朋友送来的物件。脸盆、手电、被子，还有好多祝福……”,"['桌面', '现代', '机制', '阵营', '本格', '盒装']",进阶,4,4男4女,8,,,,,,,,,
点名,￥78,“某天，社团按人头定制的物品，全都少了一份……活动室内开始弥漫起未知的恶臭……明明是夏末，天气却反常得犹如寒冬……蛆虫凭白涌现……社团内的一切开始乱套。”,"['桌面', '日式', '现代', '校园', '恐怖', '还原', '变格', '盒装']",进阶,4,4男4女,8,,,,,,,,,
遗产,￥59,“一入豪门深似海。”《遗产》就是一个关于“豪门”的故事。在这里你要做的事情就是保护好自己身边的人，尽可能多的挖掘到其他家庭的黑料，争夺这份遗产。无限欢乐的剧情，每一次发言都是互相“欺骗”。在这里，把自己的快乐建立在别人的“痛苦”之上就对了，让你真实地体验一把电视剧里的“狗血”。,"['桌面', '现代', '机制', '欢乐', '本格', '盒装']",进阶,4,4男4女,8,,,,,,,,,
良辰吉日,￥68,“良辰吉时已到|新郎新娘拜堂！一拜天地|二拜高堂|夫妻对拜|送入洞房！”被誉为2018年最富盛名的古风惊悚大作|《良辰吉日》恐怖与演绎集一身。你将沉浸在武府欢天喜地的结婚气氛|破败腐朽的阴谋之中。剧情兼具了反转与惊悚|当所有的谜全部解开时|还会带给你带来细思极恐的感觉|甚是微妙。九月初三|大喜的日子|有的人死了他还活着......,"['桌面', '古风', '武侠', '恐怖', '还原', '变格', '盒装']",进阶,5,5男3女,8,,,,,,,,,
一枝红杏,￥58,本是满满风雅气息的诗会，为何开始撕破了脸皮？《一枝红杏》是一个可欢乐、可撕比、可相亲等多元素的剧本。新颖的阵营机制更是让人直呼过瘾。不同的阵营组合能够产生不一样的组合技能，剧情的走向可能完全出乎你的意料。临近结尾，CP之间的矛盾逐渐露出头角。本是相依为命的两人，却撕得那叫一个心狠手辣、撕心裂肺。戏精和欢乐选手，诗会已经准备开始，还不来吟“诗”作“对”吗？,"['桌面', '古风', '阵营', '欢乐', '开放', '还原', '本格', '盒装']",进阶,5,4男4女,8,,,,,,,,,
反对无效,￥58,你想感受庭审的魅力吗？《反对无效》是一个6-10人的推理本。剧本形式很新颖，它还原了香港法庭的场景，让你们以控方、辩方和陪审团的角度去参与一场庭审，给你一种崭新的体验。在这个机制里面你需要通过线索整理逻辑，难度大大提升，让人感觉刺激上瘾！玩家还可以传召证人，而证人说的也不一定是正确的。谁才是真凶？我们庭审见！,"['桌面', '架空', '现代', '机制', '推理', '还原', '本格', '盒装']",烧脑,5,6男4女,6月10日,,,,,,,,,
Mojito,￥78,"“八个来自不同世界的，原本不会有任何交集的人，
互不认识却机缘巧合的来到这间酒吧。
故事，就从一杯莫吉托开始......”","['桌面', '现代', '机制', '情感', '还原', '本格', '盒装']",进阶,3.5,4男4女,8,,,,,,,,,
谍影・南京风沙,￥59,“风雨欲来，明争暗斗，南京保密局总部里，一场特工间谍之间的对决一触即发，只有胜者，才握有书写历史的机会。”,"['桌面', '民国', '阵营', '谍战', '还原', '本格', '盒装']",进阶,5.5,5男3女,8,,,,,,,,,
想要成为RapStar吗,￥59,你会freestyle吗？作者将说唱元素把握得恰到好处，既让大家能够享受到说唱的过程，又不会设立门槛，达成了平衡。在其中又加入了许多小游戏并配上了道具，场面陡然变成气氛组现场，躁到不行。剧本中甚至还有专业的rapper参与创作的歌词，更显得诚意满满。所以，你想要成为RapStar吗？,"['桌面', '现代', '机制', '欢乐', '本格', '盒装']",新手,3.5,4男4女,8,,,,,,,,,
狂暴日,￥158,“秩序城迎来了五年一度的“狂暴日”。”,"['桌面', '架空', '机制', '阵营', '半封闭', '本格', '城限']",进阶,4.5,5男3女,8,,,,,,,,,
黑子迷局2・无光诡局,￥68,新手进阶机制阵营硬核本，再配几个反转，还是蛮不错的,"['桌面', '现代', '机制', '推理', '本格', '盒装']",进阶,6,4男4女,8,,,,,,,,,
家宴2：继承者们,￥78,"“百因必有果，下个暴富就是我！”
","['桌面', '现代', '机制', '欢乐', '开放', '还原', '本格', '盒装']",进阶,4,5男4女,9,,,,,,,,,
恭喜发财,￥58,"“一股浓浓的港风味道袭来，角色称呼或是武林门派，无一不让人仿佛穿越回90年代港风武打片一般。
”","['桌面', '现代', '机制', '武侠', '还原', '本格', '盒装']",进阶,4.5,4男5女,9,,,,,,,,,
将至,￥158,"“中秋月圆，一水隔天，乾朝的天策上将军将成即将迎战一水阁大都督尧！
这场惊世之战的消息传开，立马吸引了天下的目光。
自大乾朝隆丰帝换作了景华帝，江湖上关于“天下第一”的讨论就没有停止过。”","['桌面', '古风', '机制', '阵营', '开放', '还原', '本格', '城限']",进阶,4.5,5男4女,9,,,,,,,,,
七号教学楼,￥59,“深夜的景逸学院格外安静，直到一声沉重的坠落声，打破了学校的宁静。学生之间窃窃私语，某位老师从四号教学楼跳了下来，然而学校消息封锁严密，死者是男是女、姓甚名谁无人知晓。”,"['桌面', '机制', '恐怖', '开放', '封闭', '盒装']",进阶,4,4男5女,9,,,,,,,,,
出轨,￥59,《出轨》有三种人：爱自己也爱别人、爱自己不爱别人、不爱自己也不爱别人。剧本中的人物关系错综复杂，夫妻互撕，正妻撕小三，这样的情况比比皆是。你以为你在出轨，可能你才是被出轨的那个人。在推理环节中，荒诞的手法也同样让你捧腹大笑。当你认真地盘，ta却开心地捂嘴偷笑，真是让人捉摸不透！温馨提示：未满18岁禁入！恩爱情侣慎入！?,"['桌面', '现代', '欢乐', '本格', '盒装']",烧脑,3,5男4女,9,,,,,,,,,
上仙请就位,￥68,“这里是属于梦想的舞台这里是满载欢乐的天堂无论你是会唱、跳、RAP、篮球的艺能人还是身怀绝技、修为超凡的大佬修士亦或是只是怀揣梦想的吃瓜群众 《上仙，请就位！》舞台的大门都永远向你敞开不分地域!不分年龄!不分职业!仙界大舞台！够胆你就来！”,"['桌面', '古风', '架空', '机制', '阵营', '开放', '还原', '新本格', '盒装']",新手,4,5男4女,9,,,,,,,,,
宫中二三言,￥68,“天喵末年，末代喵皇昏庸无道，以至民不聊生，各地义军揭竿而起。经过多年战乱，最终由天犬将军周大福终结战乱，并建立大狗王朝年号大狗。”,"['桌面', '古风', '架空', '阵营', '欢乐', '还原', '盒装']",新手,4,6男3女,7月9日,,,,,,,,,
狗咬狗,￥68,全员狗子“在狗狗届，也会有社会大哥吗？”连任三年话事狗的洪狗会传奇教父――洪逼格，帮会权利的象征――狗头棍，接连离奇失踪。各堂口的大哥连夜齐聚在一处旧仓库里召开洪狗会大会，意外的是两位警犬不请自来，故事就此拉开帷幕。本作幽默诙谐的剧情，当你在翻开剧本时便忍不住笑出声音，激情欢乐的破冰环节，瞬间让你沉浸到故事当中，精妙新奇的机制，给你带来惊心动魄的博弈对抗。一起来体验一次可爱狗狗的黑道风云吧！,"['桌面', '现代', '机制', '欢乐', '本格', '盒装']",进阶,4,6男3女,9,,,,,,,,,
三十三,￥138,"""无限制人数??《三十三》这部作品的故事并不复杂，却带给玩家新奇的思维碰撞体验。全文言简意赅的文笔以及精妙绝伦的反转，会带你领略全新的剧本杀盘本模式。　在本作品里，你可以畅谈一切对事物的看法与理解：小到工作日常，大到宇宙起源，相信你会沉浸在笔者建立的新精神世界里，通过思想的桥梁，驶向无尽的远方……""","['桌面', '科幻', '推理', '还原', '本格', '城限']",进阶,4,4男5女,9,,,,,,,,,
拱墅驾校,￥68,“暑期大酬宾！！！暑期没事做 考个驾照吧！结交新朋友 考个驾照吧！一证解千愁 烦恼不再有！驾校选拱墅 明天就上路！连年通过率高达100%?暑期大酬宾正在进行中?不要5888不要2288只要588！预售前五百名报名立减120元！”,"['桌面', '现代', '机制', '欢乐', '本格', '盒装']",新手,4,5男4女,9,,,,,,,,,
我若为王,￥98,“当战争的号角在洛切斯大陆响起，英雄的传说在黎明闪耀。”,"['桌面', '欧式', '机制', '阵营', '开放', '本格', '城限']",新手,2,5男4女,9,,,,,,,,,
早安，打工人,￥68,“打工人，打工魂，打工都是人上人！我们要悄悄地打工，然后惊艳所有人！人心中要有信念，没有困难的工作，只有勇敢的打工人！累吗？”,"['桌面', '现代', '机制', '阵营', '开放', '盒装']",新手,3.5,5男5女,8月10日,,,,,,,,,
诡影谍踪,￥68,“生死无惧，唯爱难择。”《诡影谍踪》以民国抗战为题材，表达了战争时期家仇国恨的情感交加。剧本的故事内容中，各种笑点轮番轰炸，不脱离故事的同时，让你捧腹大笑。阵营的机制能让你化身老骗子，当你以为你成功骗取了信任，但或许你才是那个被骗的“小傻瓜”。当故事逐渐走向结尾时，立意的升华又能让你脱离开篇的欢乐，恍然大悟。在这个动乱的年代里，我们终究还是选择了明哲保身。,"['桌面', '民国', '阵营', '欢乐', '本格', '盒装']",进阶,5,5男4女,9,,,,,,,,,
大人请笑纳,￥108,还原古代官场中的明争暗斗“十年寒窗无人问，一朝中举天下知。”剧本巧妙的模拟了古代官场，将玩家都化身成其中的一员，身临其境般的感受这里的尔虞我诈、勾心斗角。剧情随着故事的不断发展，反转再反转，人物关系充满了伏笔。没有固定的阵营设计，给予了你更多的选择空间，每一次的变化都既是风险也是机会，你会选择相信你身边看似友善的“好人”吗。在这场暗流涌动的游戏中，运气固然重要，但是能不能混的风生水起，全靠大人您的手段和眼光了。,"['桌面', '古风', '阵营', '欢乐', '本格', '盒装']",新手,4,6男3女,9,,,,,,,,,
拆迁,￥39.90,哟！拆啦？！《拆迁》作为一个10人本，虽然不是史无前例也不会后无来者，但还是很少见的，作为罕见的高质量10人本，就更少见了。在《拆迁》之前，我真的没有想过，10个人撕起来会这么的壮观，10个人的笑声真的能掀翻房顶，更没有想过原来攥着一把房产证的感觉会如此舒爽。当然，因为角色较多的原因再加上要照顾到体量的问题，故事方面会比较单薄，但是丝毫不影响能从下午两点撕到晚上七点。这么欢乐这么能撕的本，当然是公司团建或者朋友聚会首选。,"['桌面', '现代', '欢乐', '本格', '盒装']",进阶,4,5男5女,10,,,,,,,,,
花田质,￥68,“你的心爱之人未必也一样爱你。”来到《花田喜事》，你就能看到一个发生在民国招亲大会上的故事。在这里，选出谁是真的“花家大小姐”是最重要的事情。所有玩家进行擂台比赛，一旦选定cp就可以收下聘礼一起买线索。但因为故事中的感情线错综复杂，最终的选择格外的难。你选择的人也会选择你吗？,"['桌面', '民国', '机制', '欢乐', '本格', '盒装']",进阶,4,5男5女,10,,,,,,,,,
尼克拉岛派对,￥88,“带上你的面具，派对即将开始啦。”《尼克拉岛派对》是一个机制本，欢乐主导整个剧本氛围。人设特殊有趣，在这里可以斗智斗勇，适合“脑洞大开”的戏精玩家。剧情虽然“离谱”但不失逻辑，还有很多隐藏机制需要你自己去探索、发现。玩到最后不禁感叹，这里简直就是一场大型的“凡尔赛派对”啊！,"['桌面', '现代', '机制', '欢乐', '本格', '盒装']",进阶,4,1男9女,10,,,,,,,,,
劫个婚,￥88,“想结个婚？――做梦！要劫个婚？――天真！N名宇宙最优质（残渣）单身男女，卷入N场温情（恶搞）迷局！然而、不过、但是，故事远不是狗血爱情那么简单……史前混乱，震撼开启！”,"['桌面', '现代', '阵营', '欢乐', '还原', '本格', '盒装']",进阶,4,5男5女,10,,,,,,,,,
重返15岁-高考,￥88,“那年夏天，天空格外的蓝，那年夏天，我们成为了一辈子的朋友，那年夏天，我们一起看书，一起做着关于未来的梦。今年暑假我们一起《重返15岁》的那年夏天！”,"['桌面', '现代', '机制', '校园', '开放', '本格', '盒装']",进阶,4.5,5男5女,10,,,,,,,,,
我要当大哥,￥66,“三年一届的帮主大选就要开始了，每个人都渴望着大哥的位置，本帮从不缺少“人才”，要想从中脱颖而出可不是件容易的事，仍记得那年刚入帮时心中的信念：我要当大哥！”,"['桌面', '现代', '机制', '欢乐', '开放', '本格', '盒装']",新手,4,5男5女,10,,,,,,,,,
望月・恶灵十三,￥109,美式恐怖兼容rpg跑团机制勇敢的勇士呀！前方的黑森林在等着你的探寻！作为同类别中少有的美式恐怖本，贯穿始终的rpg跑团机制和充分的开放度，使得你在这其中有更高的参与度和互动性。鲜血、少女、洋装，经典元素叠加之下的细节描写，更让你有身临其境之感，结局更能让你遐想万千。“既然整个世界包括神明都在祈祷着你的死亡，那就由真正的撒旦来祈福你的永生吧！,"['桌面', '现代', '恐怖', '本格', '城限']",进阶,4,5男5女,10,,,,,,,,,
社会,￥108,“?随着时间的推移，一群刚从黄埔军校毕业的孩子们，怀抱着报销祖国的热情纷纷进入了肮脏不堪的社会中磨炼……”,"['桌面', '民国', '机制', '阵营', '开放', '本格', '城限']",新手,5,5男5女,10,,,,,,,,,
林家宅一：迷雾重重,￥138,“在很久以前月牙村是一个与世隔绝的村子，传说村里居住着许多奇人异士。但是他们究竟是何人却无人知晓，后来人们传言只要到了月牙村，便可看到自己已过世的老伴或亲人，外人闻言相继赶来，只为再次见到过世之人…”,"['桌面', '现代', '推理', '变格', '城限']",进阶,4,6男4女,10,,,,,,,,,
O.R.M有钱人的博弈,￥128,“今天，一场关于有钱人们的博弈――O.R.M.联赢高峰论坛会在W国S市由两位世界富豪成大富和L博士的联手举办下进行，每一位与会者都带着至少1000万现金而来。一场决定S市未来经济命脉的峰会，将在今天举行......”,"['桌面', '现代', '机制', '阵营', '还原', '城限']",进阶,5,5男5女,10,,,,,,,,,
《门当who对》,￥108,“《门当who对》是一档全球最火爆的相亲节目，男女老少无不为节目里真挚的爱情痛哭流涕。”,"['桌面', '现代', '机制', '欢乐', '开放', '还原', '盒装']",新手,4,5男5女,10,,,,,,,,,
审判日,￥228,“一九四四年七月，世界笼罩在二战的阴云之下，纳粹德国的铁蹄踏遍了整个欧洲大陆。但是，由于希特勒惨绝人寰的暴行，越来越多的德国将领开始意识到，再这样下去，祖国将被战火笼罩，人民期望的和平也将不复存在。”,"['桌面', '欧式', '机制', '开放', '本格', '独家']",进阶,4.5,10男,10,,,,,,,,,
逐梦演艺圈,￥88,看到这个剧本名，有没有想起被豆瓣2.1分支配的恐惧?这个剧本的最大亮点在于，没有太多的边缘角色，基本所有的玩家都能参与到游戏中，推理难度适中，非常适合新手玩家聚会。?,"['桌面', '现代', '推理', '本格', '盒装']",新手,4,5男5女,10,,,,,,,,,
龙啸山庄,￥88,“新武林盟主大会上，各方势力汇聚于龙啸山庄。上届盟主龙玺的身上似乎有着正邪两派势力交错的秘辛，一场腥风血雨就此掀开。有道是“有情皆孽 无人不冤”，只要身在其中，谁有能躲得过命运作弄。临了不过，一曲离合悲欢，听也听不完罢…?”,"['桌面', '古风', '阵营', '本格', '盒装']",进阶,5,7男3女,10,,,,,,,,,
加官进爵,￥118,“九州中原经历百年的诸侯割据，终于被柴氏征服，实现了一统，建立大雍王朝。可宫墙内的血雨腥风却未曾断绝，三十年间朝堂几经易手，转眼已历经了五个帝王，换了三个朝代，争权夺势的残酷不啻于明刀明枪的战争。”,"['桌面', '古风', '机制', '阵营', '还原', '盒装']",新手,4.5,5男5女,10,,,,,,,,,
十三先生,￥78,“你真的可以拨开迷雾看到真相吗？”《十三先生》是一部超现实题材的剧本，带你体验平行时空的故事。在这里的战争，“思维”就是你最大的武器，剧本薄薄的几页涵盖了繁多的内容，上一秒觉得自己是天才下一秒又觉得自己是疯子。如果你是哲学题材爱好者或者热衷于破解密室杀人案，这里就是你的不二之选。,"['桌面', '架空', '机制', '推理', '开放', '还原', '盒装']",烧脑,5,5男5女,8月10日,,,,,,,,,
家法,￥88,“由两个剧本《家》、《法》组成，两本可以同开，特色机制，双边互动。多种单开同开组合，可以满足6至15人同时游戏，两边剧本均可二次游戏。《家》是温情情感沉浸本，《法》是机制刑侦硬核推理本，双本联动。”,"['桌面', '现代', '机制', '欢乐', '本格', '盒装']",烧脑,4.5,8男7女,6月15日,,,,,,,,,
一脸死相的三好,￥78,“欢迎来到民国时期|现在我们正在红浪漫歌舞厅…”跑团机制、互撕阵营、巧妙推理在这里你都能一次体验到。十人机制本满足了多人好友一起玩剧本杀的需求|并且尽管是十人本但是并没有边缘角色|每个人物都是取得游戏胜利的至关重要的一环。当然|在这里除了发挥脑洞斗智斗勇以外|运气也至关重要。你能巧妙的察觉隐藏在剧本中的重重疑点|还是被别人骗的团团转呢？快来《一脸死相的三好》体验吧。,"['桌面', '民国', '阵营', '欢乐', '开放', '本格', '盒装']",进阶,3.5,6男4女,10,,,,,,,,,
指导与守护,￥128,“你愿意和我一起共赴这场通灵之战吗？”《指导与守护》是一个机制本。剧本用通灵师作为素材，十个角色，每个人都有不同的属性。因为这种设定，所以这里没有边缘人物，每个人的技能都使用出来还会增加很多额外效果。在剧情的描述上作者也是别出心裁，最后立意的升华让人忍不住沉思：“每个生命都值得被守护。”,"['桌面', '玄幻', '变格', '城限']",新手,4,5男5女,10,,,,,,,,,
年夜饭,￥98,“一年一度的除夕夜又来啦！家家户户迎新春，忙碌了一整年是时候休息庆祝一番啦！今年的老李家似乎格外的热闹！突然想起小时候奶奶给我说的故事，从前有座山，山里面有个…”,"['桌面', '现代', '欢乐', '开放', '变格', '盒装']",进阶,3,4男6女,10,,,,,,,,,
X计划,￥98,“当你来到一个陌生的环境，环顾四周，似置身于牢狱之中。随着大门敞开的刹那，你来到一处明亮的场所，你又惊愕地发现除了你之外还有五个人，而这五个人看似熟悉，却有一股陌生感。随后，你们在相识之后，又意识到一个问题，是你的记忆发生了偏差？”,"['桌面', '现代', '阵营', '推理', '开放', '变格', '盒装']",进阶,4,7男3女,10,,,,,,,,,
人在天庭朝九晚五,￥68,“混沌初分，天干地支刚定时，玉皇大帝下令普召天下动物，要按子、丑、寅、卯、辰、巳、午、未、申、酉、戌、亥十二地支，选拔十 二个属相以定时间。”,"['桌面', '机制', '欢乐', '变格', '盒装']",新手,4.5,5男6女,11,,,,,,,,,
赛尔城下,￥58,“组伴一起去“指环王”世界冒险吧！”当你翻开剧本|剧情中出现的多种族让你仿佛有种置身奇幻大陆的感觉|环环相扣的剧情让你无法停下脚步去慢慢细品这个世界|因为危险正悄然而至！剧本中的机制和阵营搭配很是巧妙|你不仅要排兵布阵还要考量对方是虚情假意还是真心实意加入你的阵营。在欢乐激烈的厮杀时|你要小心老骗子又在心里藏着某些坏心眼啦！背负族人的希望去迎接面前的战斗吧！,"['桌面', '机制', '还原', '盒装']",进阶,5,8男3女,11,,,,,,,,,
一朵海棠,￥168,“在一处悬崖上，有一朵海棠花在风中摇曳，没有人知道它为什么会生长在那个地方，也没有人知道它即将败落，阳光奇怪的洒落在半朵海棠花上，光与影交融成了灰色。”,"['桌面', '现代', '推理', '本格', '城限']",进阶,6,6男5女,11,,,,,,,,,
人生成长教室,￥198,“那拥挤、闷热的地方，却是我们以后再也回不去的。”《人生成长教室》是一个5-11人的剧本，人数设置的宽泛性给剧本增添了多元化色彩。在这里你可以和别人组队做任务，也可以选择单人完成。推理环节合理且缜密，凶案也有迹可循，最后脑子里不断地浮现出“这不会就是真相”吧？,"['桌面', '现代', '推理', '本格', '城限']",烧脑,4,5男6女,11,,,,,,,,,
当我有罪时,￥138,幸福的人用童年治愈一生，不幸的人用一生治愈童年。这是一个5-12人的剧本，却依然能保证每位玩家都不会有边缘体验。在你盘出每个案子的时候，都会有满满的成就感。在其中又可以感受到人物的情感和性格的变化，更直观地理解到剧本所要表达的立意。而一个个的案子在最后又巧妙地串联到了主线之上，加上最后的演绎环节，起到了画龙点睛的反转效果。我们听到的一切都是一个观点，不是事实；我们看到的一切都是一个视角，不是真相。,"['桌面', '现代', '推理', '本格', '城限']",烧脑,5,6男6女,12,,,,,,,,,
你的江湖我做主,￥128,可增加DLC“今番良晤，豪兴不浅，他日江湖相逢，再当杯酒言欢。”什么是江湖？是那白衣少年马折花，是那潇洒侠士快意恩仇，是那白发老者走遍天下但求一败，是那痴情少女寻遍山河柔肠寸断......本作开局惊堂拍案，瞬间茶楼说书氛围起，让你代入到作者笔下的江湖中。客栈、怡春院、赌场，你永远不知道即将到来的会是什么。高自由度的机制，精妙的跑团设定，给予你充足的发挥空间，你的情绪也将随着剧情推进愈发高涨。你的江湖，你能做主吗？,"['桌面', '古风', '机制', '武侠', '开放', '城限']",新手,4,9男4女,13,,,,,,,,,
鹤归明月之鸟人杀,￥98,“朝夕相处之人未必可靠，兵戈相向也说不定是故友重逢，最终又会是哪位天选之人继承城主之位呢？”,"['桌面', '古风', '阵营', '玄幻', '本格', '盒装']",新手,3.5,7男5女,12,,,,,,,,,
植物凶猛,￥128,植物设定“当植物变得凶猛，一定是因为有人侵犯了他们最宝贵的东西。”你作为魔法森林的植物，一直被生命之树守护着，而这次为了阻止邪恶的巫师，你将勇敢的守护生命之树的宝物。《植物凶猛》没有特定的人物个性，你可以根据自己的个性，在森林里最大限度的自由发挥。这是狼人杀玩家的盛宴、阿瓦隆玩家的必备、资深老骗子的最爱、欺诈本玩家的乐园。什么是快乐植物？如果你想知道，那现在就快冲吧！,"['桌面', '架空', '机制', '欢乐', '开放', '城限']",进阶,3.5,6男6女,12,,,,,,,,,
秘密访客,￥98,“清晨，几名警员被紧急召集到了警局中，而放在他们面前的是一份正常的车祸事故档案，而不同的是，事故幸存者却于事故发生的第二日自杀身亡。而奇怪的是，探长这时却给大家拿出来一份看似与这个案件毫不相关的一个档案。”,"['桌面', '现代', '推理', '还原', '盒装']",烧脑,4,6男6女,12,,,,,,,,,
侯爷做主呀,￥88,“夏国将军卫无忌，力拔山兮盖世气，一马当先大旗举，万军之中取首级，边关再无战报急，国泰民安小儿嬉。”,"['桌面', '古风', '阵营', '欢乐', '半封闭', '还原', '盒装']",进阶,3.5,5男7女,12,,,,,,,,,
汇通天下,￥68,“晋南一带地窄人稠，外出经商成为当地百姓的谋生之道。待到明清年间，晋商已遍及各地，故有言道："京师大贾数晋人"。”,"['桌面', '民国', '机制', '阵营', '本格', '盒装']",新手,4,13男7女,20,,,,,,,,,
刺客群聊,￥158,“处在崩溃边缘的 M 国里，有一座被抛弃的城市――晨旭市。城市在黑暗中下沉，人性也跟着跌落到谷底。生活在谷底的晨旭市民们，慢慢创造了一个阴影中的世界，这里黑白交融，罪案频发，帮派横行，混乱而有序，罪恶紧紧贴在了这座古城的背面。”,"['桌面', '现代', '机制', '还原', '城限']",进阶,4.5,6男6女,12,,,,,,,,,
千门之王,￥98,“传闻千门传承大禹之术，八将携手大可窃国。近日，当代千王姜城宣布金盆洗手，千重阁摆宴考验。千门含局三十六，生死豪赌，谁将是新的千门之王。”,"['桌面', '现代', '阵营', '欢乐', '开放', '本格', '盒装']",进阶,4,8男8女,16,,,,,,,,,
汤姆小镇,￥59,“20世纪50年代的美国小镇: 今晚弗洛餐厅是一个不得不去的地方，因为小镇年度舞蹈大赛将在这里举办。许多社会知名人士都会出席舞会并担任评审，因而不论本地人还是外地人都热切渴望能够参加本次舞蹈大赛。”,"['桌面', '欧式', '阵营', '欢乐', '封闭', '本格', '盒装']",新手,4,10男10女,14-20,,,,,,,,,
来日纵使千千阙歌,￥88,“十年 太多的人还在心上 却早已消失在了生活里 徐徐回望 哥哥一首《千千阙歌》 唱得每场分手。 ”,"['桌面', '现代', '欢乐', '情感', '开放', '盒装']",进阶,5,6男6女,12,,,,,,,,,
